super_replicate;replicate;strain_no;strain;ethanol;broodsize;date;person_counting;comment
1;1;1;CB4856;0;471;21-10-2024;Rick;
1;1;1;CB4856;0;433;21-10-2024;Rick;
1;1;1;CB4856;0;494;21-10-2024;Rick;
1;1;1;CB4856;100;383;21-10-2024;Rick;
1;1;1;CB4856;100;359;21-10-2024;Rick;
1;1;1;CB4856;100;387;21-10-2024;Rick;
1;1;1;CB4856;200;333;21-10-2024;Rick;
1;1;1;CB4856;200;321;21-10-2024;Rick;
1;1;1;CB4856;200;373;21-10-2024;Rick;
1;1;1;CB4856;300;268;21-10-2024;Rick;
1;1;1;CB4856;300;255;21-10-2024;Rick;
1;1;1;CB4856;300;251;21-10-2024;Rick;
1;1;1;CB4856;400;149;21-10-2024;Rick;Bacterial infection 
1;1;1;CB4856;400;119;21-10-2024;Rick;Bacterial infection 
1;1;1;CB4856;400;300;21-10-2024;Rick;Bacterial infection 
1;1;2;DL238;0;474;21-10-2024;Rick;
1;1;2;DL238;0;436;21-10-2024;Rick;
1;1;2;DL238;0;453;21-10-2024;Rick;
1;1;2;DL238;100;143;21-10-2024;Rick;
1;1;2;DL238;100;421;21-10-2024;Rick;
1;1;2;DL238;100;411;21-10-2024;Rick;
1;1;2;DL238;200;301;21-10-2024;Rick;
1;1;2;DL238;200;365;21-10-2024;Rick;
1;1;2;DL238;200;363;21-10-2024;Rick;
1;1;2;DL238;300;261;21-10-2024;Rick;
1;1;2;DL238;300;237;21-10-2024;Rick;
1;1;2;DL238;300;144;21-10-2024;Rick;
1;1;2;DL238;400;229;21-10-2024;Rick;Bacterial infection
1;1;2;DL238;400;196;21-10-2024;Rick;Bacterial infection 
1;1;2;DL238;400;139;21-10-2024;Rick;Bacterial infection 
1;1;3;ECA36;0;181;21-10-2024;Rick;
1;1;3;ECA36;0;168;21-10-2024;Rick;
1;1;3;ECA36;0;361;21-10-2024;Rick;
1;1;3;ECA36;100;2;21-10-2024;Rick;
1;1;3;ECA36;100;2;21-10-2024;Rick;
1;1;3;ECA36;100;2;21-10-2024;Rick;
1;1;3;ECA36;200;0;21-10-2024;Rick;
1;1;3;ECA36;200;80;21-10-2024;Rick;
1;1;3;ECA36;200;107;21-10-2024;Rick;
1;1;3;ECA36;300;2;21-10-2024;Rick;
1;1;3;ECA36;300;2;21-10-2024;Rick;
1;1;3;ECA36;300;2;21-10-2024;Rick;Bacterial infection 
1;1;3;ECA36;400;19;21-10-2024;Rick;Bacterial infection 
1;1;3;ECA36;400;2;21-10-2024;Rick;Bacterial infection 
1;1;3;ECA36;400;10;21-10-2024;Rick;
1;1;4;ECA396;0;415;21-10-2024;Lisa;
1;1;4;ECA396;0;333;21-10-2024;Lisa;
1;1;4;ECA396;0;321;21-10-2024;Lisa;
1;1;4;ECA396;100;358;21-10-2024;Lisa;
1;1;4;ECA396;100;439;21-10-2024;Lisa;
1;1;4;ECA396;100;325;21-10-2024;Lisa;
1;1;4;ECA396;200;308;21-10-2024;Lisa;
1;1;4;ECA396;200;159;21-10-2024;Lisa;
1;1;4;ECA396;200;257;21-10-2024;Lisa;
1;1;4;ECA396;300;270;21-10-2024;Lisa;
1;1;4;ECA396;300;264;21-10-2024;Lisa;
1;1;4;ECA396;300;269;21-10-2024;Lisa;
1;1;4;ECA396;400;44;21-10-2024;Lisa;Bacterial infection
1;1;4;ECA396;400;16;21-10-2024;Lisa;Bacterial infection
1;1;4;ECA396;400;38;21-10-2024;Lisa;Bacterial infection
1;1;5;EG4725;0;188;21-10-2024;Rick;
1;1;5;EG4725;0;351;21-10-2024;Rick;
1;1;5;EG4725;0;390;21-10-2024;Rick;
1;1;5;EG4725;100;389;21-10-2024;Rick;
1;1;5;EG4725;100;447;21-10-2024;Rick;
1;1;5;EG4725;100;297;21-10-2024;Rick;
1;1;5;EG4725;200;396;21-10-2024;Rick;
1;1;5;EG4725;200;357;21-10-2024;Rick;
1;1;5;EG4725;200;169;21-10-2024;Rick;
1;1;5;EG4725;300;385;21-10-2024;Rick;
1;1;5;EG4725;300;273;21-10-2024;Rick;
1;1;5;EG4725;300;217;21-10-2024;Rick;
1;1;5;EG4725;400;150;21-10-2024;Rick;Bacterial infection
1;1;5;EG4725;400;41;21-10-2024;Rick;Bacterial infection
1;1;5;EG4725;400;265;21-10-2024;Rick;
1;1;6;JU1400;0;399;21-10-2024;Lisa;
1;1;6;JU1400;0;272;21-10-2024;Lisa;
1;1;6;JU1400;0;360;21-10-2024;Lisa;
1;1;6;JU1400;100;369;21-10-2024;Lisa;
1;1;6;JU1400;100;317;21-10-2024;Lisa;
1;1;6;JU1400;100;314;21-10-2024;Lisa;
1;1;6;JU1400;200;280;21-10-2024;Lisa;
1;1;6;JU1400;200;312;21-10-2024;Lisa;
1;1;6;JU1400;200;287;21-10-2024;Lisa;
1;1;6;JU1400;300;221;21-10-2024;Lisa;
1;1;6;JU1400;300;188;21-10-2024;Lisa;
1;1;6;JU1400;300;287;21-10-2024;Lisa;
1;1;6;JU1400;400;13;21-10-2024;Lisa;
1;1;6;JU1400;400;85;21-10-2024;Lisa;
1;1;6;JU1400;400;16;21-10-2024;Lisa;
1;1;7;JU2526;0;504;21-10-2024;Rick;
1;1;7;JU2526;0;412;21-10-2024;Rick;
1;1;7;JU2526;0;384;21-10-2024;Rick;Fished 1 L4, count multiplied by 2
1;1;7;JU2526;100;283;21-10-2024;Rick;
1;1;7;JU2526;100;370;21-10-2024;Rick;
1;1;7;JU2526;100;365;21-10-2024;Rick;
1;1;7;JU2526;200;417;21-10-2024;Rick;
1;1;7;JU2526;200;379;21-10-2024;Rick;
1;1;7;JU2526;200;322;21-10-2024;Rick;
1;1;7;JU2526;300;214;21-10-2024;Rick;
1;1;7;JU2526;300;311;21-10-2024;Rick;
1;1;7;JU2526;300;140;21-10-2024;Rick;
1;1;7;JU2526;400;93;21-10-2024;Rick;
1;1;7;JU2526;400;74;21-10-2024;Rick;Bacterial infection
1;1;7;JU2526;400;1;21-10-2024;Rick;
1;1;8;JU2600;0;123;21-10-2024;Lisa;
1;1;8;JU2600;0;476;21-10-2024;Lisa;
1;1;8;JU2600;0;NA;21-10-2024;Lisa;Insufficient L4s to fish
1;1;8;JU2600;100;929;21-10-2024;Lisa;
1;1;8;JU2600;100;484;21-10-2024;Lisa;
1;1;8;JU2600;100;510;21-10-2024;Lisa;Fished 1 L4, count multiplied by 2
1;1;8;JU2600;200;330;21-10-2024;Lisa;Bacterial infection
1;1;8;JU2600;200;113;21-10-2024;Lisa;
1;1;8;JU2600;200;597;21-10-2024;Lisa;
1;1;8;JU2600;300;222;21-10-2024;Lisa;
1;1;8;JU2600;300;264;21-10-2024;Lisa;
1;1;8;JU2600;300;218;21-10-2024;Lisa;
1;1;8;JU2600;400;78;21-10-2024;Lisa;
1;1;8;JU2600;400;82;21-10-2024;Lisa;Bacterial infection
1;1;8;JU2600;400;88;21-10-2024;Lisa;Bacterial infection
1;1;9;JU310;0;438;21-10-2024;Rick;
1;1;9;JU310;0;550;21-10-2024;Rick;Fished 1 L4, count multiplied by 2
1;1;9;JU310;0;NA;21-10-2024;Rick;Insufficient L4s to fish
1;1;9;JU310;100;212;21-10-2024;Rick;
1;1;9;JU310;100;406;21-10-2024;Rick;
1;1;9;JU310;100;338;21-10-2024;Rick;
1;1;9;JU310;200;331;21-10-2024;Rick;
1;1;9;JU310;200;146;21-10-2024;Rick;
1;1;9;JU310;200;NA;21-10-2024;Rick;Insufficient L4s to fish
1;1;9;JU310;300;274;21-10-2024;Rick;
1;1;9;JU310;300;162;21-10-2024;Rick;
1;1;9;JU310;300;238;21-10-2024;Rick;
1;1;9;JU310;400;132;21-10-2024;Rick;
1;1;9;JU310;400;220;21-10-2024;Rick;
1;1;9;JU310;400;4;21-10-2024;Rick;Bacterial infection
1;1;10;MY2147;0;543;22-10-2024;Rick;
1;1;10;MY2147;0;495;22-10-2024;Rick;
1;1;10;MY2147;0;590;22-10-2024;Rick;
1;1;10;MY2147;100;455;22-10-2024;Rick;
1;1;10;MY2147;100;554;22-10-2024;Rick;Fished 1 L4, count multiplied by 2
1;1;10;MY2147;100;NA;22-10-2024;Rick;Insufficient L4s to fish
1;1;10;MY2147;200;408;22-10-2024;Rick;Bacterial infection
1;1;10;MY2147;200;NA;22-10-2024;Rick;Insufficient L4s to fish
1;1;10;MY2147;200;NA;22-10-2024;Rick;Insufficient L4s to fish
1;1;10;MY2147;300;331;22-10-2024;Rick;
1;1;10;MY2147;300;148;22-10-2024;Rick;
1;1;10;MY2147;300;233;22-10-2024;Rick;
1;1;10;MY2147;400;158;22-10-2024;Rick;
1;1;10;MY2147;400;78;22-10-2024;Rick;
1;1;10;MY2147;400;110;22-10-2024;Rick;
1;1;11;MY2693;0;354;21-10-2024;Rick;
1;1;11;MY2693;0;768;21-10-2024;Rick;
1;1;11;MY2693;0;NA;21-10-2024;Rick;Insufficient L4s to fish
1;1;11;MY2693;100;1120;21-10-2024;Rick;Fished 1 L4, count multiplied by 2
1;1;11;MY2693;100;NA;21-10-2024;Rick;Insufficient L4s to fish
1;1;11;MY2693;100;NA;21-10-2024;Rick;Insufficient L4s to fish
1;1;11;MY2693;200;NA;21-10-2024;Rick;Insufficient L4s to fish
1;1;11;MY2693;200;NA;21-10-2024;Rick;Insufficient L4s to fish
1;1;11;MY2693;200;NA;21-10-2024;Rick;Insufficient L4s to fish
1;1;11;MY2693;300;237;21-10-2024;Rick;
1;1;11;MY2693;300;NA;21-10-2024;Rick;Insufficient L4s to fish
1;1;11;MY2693;300;NA;21-10-2024;Rick;Insufficient L4s to fish
1;1;11;MY2693;400;208;21-10-2024;Rick;
1;1;11;MY2693;400;135;21-10-2024;Rick;
1;1;11;MY2693;400;148;21-10-2024;Rick;
1;1;12;N2;0;245;21-10-2024;Lisa;
1;1;12;N2;0;472;21-10-2024;Lisa;
1;1;12;N2;0;490;21-10-2024;Lisa;
1;1;12;N2;100;270;21-10-2024;Lisa;
1;1;12;N2;100;403;21-10-2024;Lisa;
1;1;12;N2;100;418;21-10-2024;Lisa;Fished 1 L4, count multiplied by 2
1;1;12;N2;200;335;21-10-2024;Lisa;
1;1;12;N2;200;358;21-10-2024;Lisa;
1;1;12;N2;200;300;21-10-2024;Lisa;
1;1;12;N2;300;332;21-10-2024;Lisa;
1;1;12;N2;300;118;21-10-2024;Lisa;Bacterial infection
1;1;12;N2;300;242;21-10-2024;Lisa;
1;1;12;N2;400;129;21-10-2024;Lisa;
1;1;12;N2;400;70;21-10-2024;Lisa;Bacterial infection
1;1;12;N2;400;98;21-10-2024;Lisa;Bacterial infection
1;1;13;NIC2;0;876;21-10-2024;Lisa;Fished 1 L4, count multiplied by 2
1;1;13;NIC2;0;NA;21-10-2024;Lisa;Insufficient L4s to fish
1;1;13;NIC2;0;NA;21-10-2024;Lisa;Insufficient L4s to fish
1;1;13;NIC2;100;516;21-10-2024;Lisa;Fished 1 L4, count multiplied by 2
1;1;13;NIC2;100;NA;21-10-2024;Lisa;Insufficient L4s to fish
1;1;13;NIC2;100;NA;21-10-2024;Lisa;Insufficient L4s to fish
1;1;13;NIC2;200;358;21-10-2024;Lisa;Fished 1 L4, count multiplied by 2
1;1;13;NIC2;200;323;21-10-2024;Lisa;
1;1;13;NIC2;200;400;21-10-2024;Lisa;
1;1;13;NIC2;300;293;21-10-2024;Lisa;
1;1;13;NIC2;300;NA;21-10-2024;Lisa;Insufficient L4s to fish
1;1;13;NIC2;300;NA;21-10-2024;Lisa;Insufficient L4s to fish
1;1;13;NIC2;400;NA;21-10-2024;Lisa;Insufficient L4s to fish
1;1;13;NIC2;400;NA;21-10-2024;Lisa;Insufficient L4s to fish
1;1;13;NIC2;400;NA;21-10-2024;Lisa;Insufficient L4s to fish
1;1;14;NIC526;0;340;22-10-2024;Rick;
1;1;14;NIC526;0;476;22-10-2024;Rick;
1;1;14;NIC526;0;173;22-10-2024;Rick;
1;1;14;NIC526;100;372;22-10-2024;Rick;
1;1;14;NIC526;100;204;22-10-2024;Rick;
1;1;14;NIC526;100;240;22-10-2024;Rick;
1;1;14;NIC526;200;340;22-10-2024;Rick;
1;1;14;NIC526;200;304;22-10-2024;Rick;
1;1;14;NIC526;200;188;22-10-2024;Rick;
1;1;14;NIC526;300;140;22-10-2024;Rick;
1;1;14;NIC526;300;209;22-10-2024;Rick;
1;1;14;NIC526;300;182;22-10-2024;Rick;
1;1;14;NIC526;400;74;22-10-2024;Rick;
1;1;14;NIC526;400;67;22-10-2024;Rick;
1;1;14;NIC526;400;122;22-10-2024;Rick;
1;1;15;QX1794;0;NA;22-10-2024;Lisa;Insufficient L4s to fish
1;1;15;QX1794;0;NA;22-10-2024;Lisa;Insufficient L4s to fish
1;1;15;QX1794;0;NA;22-10-2024;Lisa;Insufficient L4s to fish
1;1;15;QX1794;100;584;22-10-2024;Lisa;Fished 1 L4, count multiplied by 2
1;1;15;QX1794;100;NA;22-10-2024;Lisa;Insufficient L4s to fish
1;1;15;QX1794;100;NA;22-10-2024;Lisa;Insufficient L4s to fish
1;1;15;QX1794;200;NA;22-10-2024;Lisa;Insufficient L4s to fish
1;1;15;QX1794;200;NA;22-10-2024;Lisa;Insufficient L4s to fish
1;1;15;QX1794;200;NA;22-10-2024;Lisa;Insufficient L4s to fish
1;1;15;QX1794;300;0;22-10-2024;Lisa;
1;1;15;QX1794;300;NA;22-10-2024;Lisa;Insufficient L4s to fish
1;1;15;QX1794;300;NA;22-10-2024;Lisa;Insufficient L4s to fish
1;1;15;QX1794;400;NA;22-10-2024;Lisa;Insufficient L4s to fish
1;1;15;QX1794;400;NA;22-10-2024;Lisa;Insufficient L4s to fish
1;1;15;QX1794;400;NA;22-10-2024;Lisa;Insufficient L4s to fish
1;1;16;XZ1516;0;NA;22-10-2024;Lisa;Insufficient L4s to fish
1;1;16;XZ1516;0;NA;22-10-2024;Lisa;Insufficient L4s to fish
1;1;16;XZ1516;0;NA;22-10-2024;Lisa;Insufficient L4s to fish
1;1;16;XZ1516;100;NA;22-10-2024;Lisa;Insufficient L4s to fish
1;1;16;XZ1516;100;NA;22-10-2024;Lisa;Insufficient L4s to fish
1;1;16;XZ1516;100;NA;22-10-2024;Lisa;Insufficient L4s to fish
1;1;16;XZ1516;200;308;22-10-2024;Lisa;
1;1;16;XZ1516;200;271;22-10-2024;Lisa;
1;1;16;XZ1516;200;128;22-10-2024;Lisa;
1;1;16;XZ1516;300;74;22-10-2024;Lisa;
1;1;16;XZ1516;300;187;22-10-2024;Lisa;
1;1;16;XZ1516;300;133;22-10-2024;Lisa;
1;1;16;XZ1516;400;0;22-10-2024;Lisa;
1;1;16;XZ1516;400;NA;22-10-2024;Lisa;Insufficient L4s to fish
1;1;16;XZ1516;400;NA;22-10-2024;Lisa;Insufficient L4s to fish
1;2;1;CB4856;0;794;29-10-2024;Rick;
1;2;1;CB4856;0;715;29-10-2024;Rick;
1;2;1;CB4856;0;817;29-10-2024;Rick;
1;2;1;CB4856;100;394;29-10-2024;Rick;
1;2;1;CB4856;100;520;29-10-2024;Rick;
1;2;1;CB4856;100;421;29-10-2024;Rick;
1;2;1;CB4856;200;206;29-10-2024;Rick;Bacterial infection
1;2;1;CB4856;200;323;29-10-2024;Rick;
1;2;1;CB4856;200;321;29-10-2024;Rick;
1;2;1;CB4856;300;321;29-10-2024;Rick;
1;2;1;CB4856;300;341;29-10-2024;Rick;
1;2;1;CB4856;300;326;29-10-2024;Rick;
1;2;1;CB4856;400;232;29-10-2024;Rick;
1;2;1;CB4856;400;284;29-10-2024;Rick;
1;2;1;CB4856;400;177;29-10-2024;Rick;
1;2;2;DL238;0;448;29-10-2024;Lisa;
1;2;2;DL238;0;472;29-10-2024;Lisa;
1;2;2;DL238;0;544;29-10-2024;Lisa;
1;2;2;DL238;100;444;29-10-2024;Lisa;
1;2;2;DL238;100;432;29-10-2024;Lisa;
1;2;2;DL238;100;341;29-10-2024;Lisa;
1;2;2;DL238;200;326;29-10-2024;Lisa;
1;2;2;DL238;200;210;29-10-2024;Lisa;
1;2;2;DL238;200;360;29-10-2024;Lisa;
1;2;2;DL238;300;161;29-10-2024;Lisa;
1;2;2;DL238;300;156;29-10-2024;Lisa;
1;2;2;DL238;300;295;29-10-2024;Lisa;
1;2;2;DL238;400;237;29-10-2024;Lisa;
1;2;2;DL238;400;216;29-10-2024;Lisa;
1;2;2;DL238;400;75;29-10-2024;Lisa;
1;2;3;ECA36;0;239;29-10-2024;Rick;
1;2;3;ECA36;0;141;29-10-2024;Rick;
1;2;3;ECA36;0;233;29-10-2024;Rick;
1;2;3;ECA36;100;37;29-10-2024;Rick;
1;2;3;ECA36;100;201;29-10-2024;Rick;
1;2;3;ECA36;100;237;29-10-2024;Rick;
1;2;3;ECA36;200;86;29-10-2024;Rick;
1;2;3;ECA36;200;154;29-10-2024;Rick;
1;2;3;ECA36;200;34;29-10-2024;Rick;
1;2;3;ECA36;300;7;29-10-2024;Rick;
1;2;3;ECA36;300;2;29-10-2024;Rick;
1;2;3;ECA36;300;2;29-10-2024;Rick;
1;2;3;ECA36;400;41;29-10-2024;Rick;
1;2;3;ECA36;400;65;29-10-2024;Rick;
1;2;3;ECA36;400;19;29-10-2024;Rick;
1;2;4;ECA396;0;285;29-10-2024;Rick;
1;2;4;ECA396;0;805;29-10-2024;Rick;
1;2;4;ECA396;0;274;29-10-2024;Rick;
1;2;4;ECA396;100;820;29-10-2024;Rick;
1;2;4;ECA396;100;951;29-10-2024;Rick;
1;2;4;ECA396;100;430;29-10-2024;Rick;
1;2;4;ECA396;200;411;29-10-2024;Rick;
1;2;4;ECA396;200;355;29-10-2024;Rick;
1;2;4;ECA396;200;336;29-10-2024;Rick;
1;2;4;ECA396;300;264;29-10-2024;Rick;
1;2;4;ECA396;300;272;29-10-2024;Rick;
1;2;4;ECA396;300;107;29-10-2024;Rick;
1;2;4;ECA396;400;187;29-10-2024;Rick;
1;2;4;ECA396;400;46;29-10-2024;Rick;Bacterial infection
1;2;4;ECA396;400;102;29-10-2024;Rick;
1;2;5;EG4725;0;670;29-10-2024;Lisa;
1;2;5;EG4725;0;530;29-10-2024;Lisa;
1;2;5;EG4725;0;1475;29-10-2024;Lisa;
1;2;5;EG4725;100;514;29-10-2024;Lisa;
1;2;5;EG4725;100;550;29-10-2024;Lisa;
1;2;5;EG4725;100;420;29-10-2024;Lisa;
1;2;5;EG4725;200;425;29-10-2024;Lisa;
1;2;5;EG4725;200;351;29-10-2024;Lisa;
1;2;5;EG4725;200;226;29-10-2024;Lisa;
1;2;5;EG4725;300;209;29-10-2024;Lisa;
1;2;5;EG4725;300;295;29-10-2024;Lisa;
1;2;5;EG4725;300;283;29-10-2024;Lisa;
1;2;5;EG4725;400;6;29-10-2024;Lisa;
1;2;5;EG4725;400;176;29-10-2024;Lisa;
1;2;5;EG4725;400;87;29-10-2024;Lisa;
1;2;6;JU1400;0;415;29-10-2024;Rick;
1;2;6;JU1400;0;423;29-10-2024;Rick;
1;2;6;JU1400;0;348;29-10-2024;Rick;
1;2;6;JU1400;100;347;29-10-2024;Rick;
1;2;6;JU1400;100;330;29-10-2024;Rick;
1;2;6;JU1400;100;360;29-10-2024;Rick;
1;2;6;JU1400;200;331;29-10-2024;Rick;
1;2;6;JU1400;200;397;29-10-2024;Rick;
1;2;6;JU1400;200;319;29-10-2024;Rick;
1;2;6;JU1400;300;205;29-10-2024;Rick;
1;2;6;JU1400;300;163;29-10-2024;Rick;
1;2;6;JU1400;300;210;29-10-2024;Rick;
1;2;6;JU1400;400;81;29-10-2024;Rick;
1;2;6;JU1400;400;3;29-10-2024;Rick;
1;2;6;JU1400;400;19;29-10-2024;Rick;
1;2;7;JU2526;0;282;29-10-2024;Lisa;
1;2;7;JU2526;0;508;29-10-2024;Lisa;
1;2;7;JU2526;0;454;29-10-2024;Lisa;
1;2;7;JU2526;100;189;29-10-2024;Lisa;
1;2;7;JU2526;100;289;29-10-2024;Lisa;
1;2;7;JU2526;100;210;29-10-2024;Lisa;
1;2;7;JU2526;200;274;29-10-2024;Lisa;
1;2;7;JU2526;200;158;29-10-2024;Lisa;
1;2;7;JU2526;200;284;29-10-2024;Lisa;
1;2;7;JU2526;300;126;29-10-2024;Lisa;
1;2;7;JU2526;300;171;29-10-2024;Lisa;
1;2;7;JU2526;300;296;29-10-2024;Lisa;
1;2;7;JU2526;400;206;29-10-2024;Lisa;
1;2;7;JU2526;400;151;29-10-2024;Lisa;
1;2;7;JU2526;400;206;29-10-2024;Lisa;
1;2;8;JU2600;0;544;29-10-2024;Rick;
1;2;8;JU2600;0;691;29-10-2024;Rick;
1;2;8;JU2600;0;667;29-10-2024;Rick;
1;2;8;JU2600;100;517;29-10-2024;Rick;
1;2;8;JU2600;100;629;29-10-2024;Rick;
1;2;8;JU2600;100;1021;29-10-2024;Rick;
1;2;8;JU2600;200;428;29-10-2024;Rick;
1;2;8;JU2600;200;436;29-10-2024;Rick;
1;2;8;JU2600;200;428;29-10-2024;Rick;
1;2;8;JU2600;300;256;29-10-2024;Rick;
1;2;8;JU2600;300;328;29-10-2024;Rick;
1;2;8;JU2600;300;215;29-10-2024;Rick;
1;2;8;JU2600;400;182;29-10-2024;Rick;
1;2;8;JU2600;400;160;29-10-2024;Rick;
1;2;8;JU2600;400;229;29-10-2024;Rick;
1;2;9;JU310;0;530;29-10-2024;Lisa;
1;2;9;JU310;0;527;29-10-2024;Lisa;
1;2;9;JU310;0;509;29-10-2024;Lisa;
1;2;9;JU310;100;448;29-10-2024;Lisa;
1;2;9;JU310;100;412;29-10-2024;Lisa;
1;2;9;JU310;100;400;29-10-2024;Lisa;
1;2;9;JU310;200;348;29-10-2024;Lisa;
1;2;9;JU310;200;287;29-10-2024;Lisa;
1;2;9;JU310;200;298;29-10-2024;Lisa;
1;2;9;JU310;300;306;29-10-2024;Lisa;
1;2;9;JU310;300;353;29-10-2024;Lisa;
1;2;9;JU310;300;361;29-10-2024;Lisa;
1;2;9;JU310;400;129;29-10-2024;Lisa;
1;2;9;JU310;400;65;29-10-2024;Lisa;
1;2;9;JU310;400;117;29-10-2024;Lisa;
1;2;10;MY2147;0;376;29-10-2024;Lisa;
1;2;10;MY2147;0;507;29-10-2024;Lisa;
1;2;10;MY2147;0;538;29-10-2024;Lisa;
1;2;10;MY2147;100;366;29-10-2024;Lisa;
1;2;10;MY2147;100;328;29-10-2024;Lisa;
1;2;10;MY2147;100;334;29-10-2024;Lisa;
1;2;10;MY2147;200;418;29-10-2024;Lisa;
1;2;10;MY2147;200;386;29-10-2024;Lisa;
1;2;10;MY2147;200;448;29-10-2024;Lisa;
1;2;10;MY2147;300;295;29-10-2024;Lisa;
1;2;10;MY2147;300;235;29-10-2024;Lisa;
1;2;10;MY2147;300;334;29-10-2024;Lisa;
1;2;10;MY2147;400;200;29-10-2024;Lisa;
1;2;10;MY2147;400;170;29-10-2024;Lisa;
1;2;10;MY2147;400;166;29-10-2024;Lisa;
1;2;11;MY2693;0;712;29-10-2024;Rick;
1;2;11;MY2693;0;840;29-10-2024;Rick;
1;2;11;MY2693;0;822;29-10-2024;Rick;
1;2;11;MY2693;100;906;29-10-2024;Rick;Bacterial infection
1;2;11;MY2693;100;613;29-10-2024;Rick;
1;2;11;MY2693;100;501;29-10-2024;Rick;
1;2;11;MY2693;200;378;29-10-2024;Rick;
1;2;11;MY2693;200;228;29-10-2024;Rick;
1;2;11;MY2693;200;332;29-10-2024;Rick;
1;2;11;MY2693;300;276;29-10-2024;Rick;
1;2;11;MY2693;300;138;29-10-2024;Rick;
1;2;11;MY2693;300;312;29-10-2024;Rick;
1;2;11;MY2693;400;111;29-10-2024;Rick;
1;2;11;MY2693;400;64;29-10-2024;Rick;
1;2;11;MY2693;400;180;29-10-2024;Rick;
1;2;12;N2;0;637;29-10-2024;Rick;
1;2;12;N2;0;560;29-10-2024;Rick;
1;2;12;N2;0;399;29-10-2024;Rick;
1;2;12;N2;100;420;29-10-2024;Rick;
1;2;12;N2;100;413;29-10-2024;Rick;
1;2;12;N2;100;445;29-10-2024;Rick;
1;2;12;N2;200;393;29-10-2024;Rick;
1;2;12;N2;200;344;29-10-2024;Rick;
1;2;12;N2;200;278;29-10-2024;Rick;
1;2;12;N2;300;285;29-10-2024;Rick;
1;2;12;N2;300;132;29-10-2024;Rick;
1;2;12;N2;300;256;29-10-2024;Rick;
1;2;12;N2;400;117;29-10-2024;Rick;
1;2;12;N2;400;97;29-10-2024;Rick;
1;2;12;N2;400;105;29-10-2024;Rick;
1;2;13;NIC2;0;721;30-10-2024;Rick;
1;2;13;NIC2;0;752;30-10-2024;Rick;
1;2;13;NIC2;0;676;30-10-2024;Rick;
1;2;13;NIC2;100;497;30-10-2024;Rick;
1;2;13;NIC2;100;768;30-10-2024;Rick;
1;2;13;NIC2;100;533;30-10-2024;Rick;
1;2;13;NIC2;200;384;30-10-2024;Rick;
1;2;13;NIC2;200;180;30-10-2024;Rick;
1;2;13;NIC2;200;404;30-10-2024;Rick;
1;2;13;NIC2;300;332;30-10-2024;Rick;
1;2;13;NIC2;300;255;30-10-2024;Rick;
1;2;13;NIC2;300;227;30-10-2024;Rick;
1;2;13;NIC2;400;206;30-10-2024;Rick;
1;2;13;NIC2;400;202;30-10-2024;Rick;
1;2;13;NIC2;400;102;30-10-2024;Rick;
1;2;14;NIC526;0;223;30-10-2024;Rick;
1;2;14;NIC526;0;545;30-10-2024;Rick;
1;2;14;NIC526;0;536;30-10-2024;Rick;
1;2;14;NIC526;100;470;30-10-2024;Rick;
1;2;14;NIC526;100;402;30-10-2024;Rick;
1;2;14;NIC526;100;398;30-10-2024;Rick;
1;2;14;NIC526;200;226;30-10-2024;Rick;
1;2;14;NIC526;200;234;30-10-2024;Rick;
1;2;14;NIC526;200;258;30-10-2024;Rick;
1;2;14;NIC526;300;164;30-10-2024;Rick;
1;2;14;NIC526;300;375;30-10-2024;Rick;
1;2;14;NIC526;300;196;30-10-2024;Rick;
1;2;14;NIC526;400;120;30-10-2024;Rick;
1;2;14;NIC526;400;122;30-10-2024;Rick;
1;2;14;NIC526;400;177;30-10-2024;Rick;
1;2;15;QX1794;0;431;30-10-2024;Rick;
1;2;15;QX1794;0;660;30-10-2024;Rick;
1;2;15;QX1794;0;701;30-10-2024;Rick;
1;2;15;QX1794;100;222;30-10-2024;Rick;
1;2;15;QX1794;100;366;30-10-2024;Rick;
1;2;15;QX1794;100;467;30-10-2024;Rick;
1;2;15;QX1794;200;213;30-10-2024;Rick;
1;2;15;QX1794;200;197;30-10-2024;Rick;
1;2;15;QX1794;200;5;30-10-2024;Rick;
1;2;15;QX1794;300;374;30-10-2024;Rick;
1;2;15;QX1794;300;83;30-10-2024;Rick;
1;2;15;QX1794;300;283;30-10-2024;Rick;
1;2;15;QX1794;400;94;30-10-2024;Rick;
1;2;15;QX1794;400;108;30-10-2024;Rick;
1;2;15;QX1794;400;176;30-10-2024;Rick;
1;2;16;XZ1516;0;636;30-10-2024;Rick;
1;2;16;XZ1516;0;233;30-10-2024;Rick;
1;2;16;XZ1516;0;542;30-10-2024;Rick;
1;2;16;XZ1516;100;413;30-10-2024;Lisa;
1;2;16;XZ1516;100;326;30-10-2024;Lisa;
1;2;16;XZ1516;100;287;30-10-2024;Lisa;
1;2;16;XZ1516;200;124;30-10-2024;Lisa;
1;2;16;XZ1516;200;2;30-10-2024;Lisa;
1;2;16;XZ1516;200;89;30-10-2024;Lisa;
1;2;16;XZ1516;300;157;30-10-2024;Rick;
1;2;16;XZ1516;300;229;30-10-2024;Rick;
1;2;16;XZ1516;300;151;30-10-2024;Rick;
1;2;16;XZ1516;400;0;30-10-2024;Rick;
1;2;16;XZ1516;400;0;30-10-2024;Rick;
1;2;16;XZ1516;400;100;30-10-2024;Rick;
1;3;1;CB4856;0;489;12-11-2024;Rick;
1;3;1;CB4856;0;472;12-11-2024;Rick;
1;3;1;CB4856;0;461;12-11-2024;Rick;
1;3;1;CB4856;100;485;12-11-2024;Rick;
1;3;1;CB4856;100;413;12-11-2024;Rick;
1;3;1;CB4856;100;258;12-11-2024;Rick;
1;3;1;CB4856;200;399;12-11-2024;Rick;
1;3;1;CB4856;200;312;12-11-2024;Rick;
1;3;1;CB4856;200;470;12-11-2024;Rick;
1;3;1;CB4856;300;317;12-11-2024;Rick;
1;3;1;CB4856;300;258;12-11-2024;Rick;
1;3;1;CB4856;300;242;12-11-2024;Rick;
1;3;1;CB4856;400;311;12-11-2024;Rick;
1;3;1;CB4856;400;211;12-11-2024;Rick;
1;3;1;CB4856;400;285;12-11-2024;Rick;
1;3;2;DL238;0;489;12-11-2024;Rick;
1;3;2;DL238;0;439;12-11-2024;Rick;
1;3;2;DL238;0;371;12-11-2024;Rick;
1;3;2;DL238;100;349;12-11-2024;Rick;
1;3;2;DL238;100;416;12-11-2024;Rick;
1;3;2;DL238;100;413;12-11-2024;Rick;
1;3;2;DL238;200;412;12-11-2024;Rick;
1;3;2;DL238;200;233;12-11-2024;Rick;
1;3;2;DL238;200;227;12-11-2024;Rick;
1;3;2;DL238;300;78;12-11-2024;Rick;
1;3;2;DL238;300;334;12-11-2024;Rick;
1;3;2;DL238;300;174;12-11-2024;Rick;
1;3;2;DL238;400;275;12-11-2024;Rick;
1;3;2;DL238;400;183;12-11-2024;Rick;
1;3;2;DL238;400;205;12-11-2024;Rick;
1;3;3;ECA36;0;136;12-11-2024;Rick;
1;3;3;ECA36;0;140;12-11-2024;Rick;
1;3;3;ECA36;0;364;12-11-2024;Rick;
1;3;3;ECA36;100;51;12-11-2024;Rick;
1;3;3;ECA36;100;74;12-11-2024;Rick;
1;3;3;ECA36;100;49;12-11-2024;Rick;
1;3;3;ECA36;200;2;12-11-2024;Rick;
1;3;3;ECA36;200;2;12-11-2024;Rick;
1;3;3;ECA36;200;2;12-11-2024;Rick;
1;3;3;ECA36;300;82;12-11-2024;Rick;
1;3;3;ECA36;300;2;12-11-2024;Rick;
1;3;3;ECA36;300;2;12-11-2024;Rick;
1;3;3;ECA36;400;9;12-11-2024;Rick;
1;3;3;ECA36;400;89;12-11-2024;Rick;
1;3;3;ECA36;400;2;12-11-2024;Rick;
1;3;4;ECA396;0;335;12-11-2024;Rick;
1;3;4;ECA396;0;285;12-11-2024;Rick;
1;3;4;ECA396;0;397;12-11-2024;Rick;
1;3;4;ECA396;100;344;12-11-2024;Rick;
1;3;4;ECA396;100;477;12-11-2024;Rick;
1;3;4;ECA396;100;408;12-11-2024;Rick;
1;3;4;ECA396;200;343;12-11-2024;Rick;
1;3;4;ECA396;200;337;12-11-2024;Rick;
1;3;4;ECA396;200;292;12-11-2024;Rick;
1;3;4;ECA396;300;275;12-11-2024;Rick;
1;3;4;ECA396;300;223;12-11-2024;Rick;
1;3;4;ECA396;300;258;12-11-2024;Rick;
1;3;4;ECA396;400;169;12-11-2024;Rick;
1;3;4;ECA396;400;222;12-11-2024;Rick;
1;3;4;ECA396;400;226;12-11-2024;Rick;
1;3;5;EG4725;0;628;12-11-2024;Rick;
1;3;5;EG4725;0;662;12-11-2024;Rick;
1;3;5;EG4725;0;548;12-11-2024;Rick;
1;3;5;EG4725;100;186;12-11-2024;Rick;
1;3;5;EG4725;100;370;12-11-2024;Rick;
1;3;5;EG4725;100;386;12-11-2024;Rick;
1;3;5;EG4725;200;341;12-11-2024;Rick;
1;3;5;EG4725;200;387;12-11-2024;Rick;
1;3;5;EG4725;200;340;12-11-2024;Rick;
1;3;5;EG4725;300;275;12-11-2024;Rick;
1;3;5;EG4725;300;241;12-11-2024;Rick;
1;3;5;EG4725;300;265;12-11-2024;Rick;
1;3;5;EG4725;400;108;12-11-2024;Rick;
1;3;5;EG4725;400;225;12-11-2024;Rick;
1;3;5;EG4725;400;207;12-11-2024;Rick;
1;3;6;JU1400;0;409;12-11-2024;Rick;
1;3;6;JU1400;0;380;12-11-2024;Rick;
1;3;6;JU1400;0;416;12-11-2024;Rick;
1;3;6;JU1400;100;352;12-11-2024;Rick;
1;3;6;JU1400;100;263;12-11-2024;Rick;
1;3;6;JU1400;100;330;12-11-2024;Rick;
1;3;6;JU1400;200;360;12-11-2024;Rick;
1;3;6;JU1400;200;317;12-11-2024;Rick;
1;3;6;JU1400;200;329;12-11-2024;Rick;
1;3;6;JU1400;300;278;12-11-2024;Rick;
1;3;6;JU1400;300;268;12-11-2024;Rick;
1;3;6;JU1400;300;180;12-11-2024;Rick;
1;3;6;JU1400;400;21;12-11-2024;Rick;
1;3;6;JU1400;400;63;12-11-2024;Rick;
1;3;6;JU1400;400;41;12-11-2024;Rick;
1;3;7;JU2526;0;482;12-11-2024;Rick;
1;3;7;JU2526;0;491;12-11-2024;Rick;
1;3;7;JU2526;0;409;12-11-2024;Rick;
1;3;7;JU2526;100;219;12-11-2024;Rick;
1;3;7;JU2526;100;249;12-11-2024;Rick;
1;3;7;JU2526;100;357;12-11-2024;Rick;
1;3;7;JU2526;200;372;12-11-2024;Rick;
1;3;7;JU2526;200;264;12-11-2024;Rick;
1;3;7;JU2526;200;349;12-11-2024;Rick;
1;3;7;JU2526;300;256;12-11-2024;Rick;
1;3;7;JU2526;300;114;12-11-2024;Rick;
1;3;7;JU2526;300;152;12-11-2024;Rick;
1;3;7;JU2526;400;63;12-11-2024;Rick;
1;3;7;JU2526;400;144;12-11-2024;Rick;
1;3;7;JU2526;400;32;12-11-2024;Rick;
1;3;8;JU2600;0;744;12-11-2024;Rick;
1;3;8;JU2600;0;781;12-11-2024;Rick;
1;3;8;JU2600;0;563;12-11-2024;Rick;
1;3;8;JU2600;100;735;12-11-2024;Rick;
1;3;8;JU2600;100;485;12-11-2024;Rick;
1;3;8;JU2600;100;705;12-11-2024;Rick;
1;3;8;JU2600;200;441;12-11-2024;Rick;
1;3;8;JU2600;200;433;12-11-2024;Rick;
1;3;8;JU2600;200;405;12-11-2024;Rick;
1;3;8;JU2600;300;381;12-11-2024;Rick;
1;3;8;JU2600;300;164;12-11-2024;Rick;
1;3;8;JU2600;300;325;12-11-2024;Rick;
1;3;8;JU2600;400;291;12-11-2024;Rick;
1;3;8;JU2600;400;262;12-11-2024;Rick;
1;3;8;JU2600;400;246;12-11-2024;Rick;
1;3;9;JU310;0;554;13-11-2024;Rick;
1;3;9;JU310;0;468;13-11-2024;Rick;
1;3;9;JU310;0;685;13-11-2024;Rick;
1;3;9;JU310;100;608;13-11-2024;Rick;
1;3;9;JU310;100;390;13-11-2024;Rick;
1;3;9;JU310;100;459;13-11-2024;Rick;
1;3;9;JU310;200;256;13-11-2024;Rick;
1;3;9;JU310;200;399;13-11-2024;Rick;
1;3;9;JU310;200;282;13-11-2024;Rick;
1;3;9;JU310;300;307;13-11-2024;Rick;
1;3;9;JU310;300;335;13-11-2024;Rick;
1;3;9;JU310;300;325;13-11-2024;Rick;
1;3;9;JU310;400;255;13-11-2024;Rick;
1;3;9;JU310;400;281;13-11-2024;Rick;
1;3;9;JU310;400;193;13-11-2024;Rick;
1;3;10;MY2147;0;705;13-11-2024;Joost;
1;3;10;MY2147;0;966;13-11-2024;Joost;
1;3;10;MY2147;0;577;13-11-2024;Joost;
1;3;10;MY2147;100;703;13-11-2024;Joost;
1;3;10;MY2147;100;1024;13-11-2024;Joost;
1;3;10;MY2147;100;701;13-11-2024;Joost;
1;3;10;MY2147;200;357;13-11-2024;Joost;
1;3;10;MY2147;200;255;13-11-2024;Joost;
1;3;10;MY2147;200;447;13-11-2024;Joost;
1;3;10;MY2147;300;273;13-11-2024;Joost;
1;3;10;MY2147;300;260;13-11-2024;Joost;
1;3;10;MY2147;300;275;13-11-2024;Joost;
1;3;10;MY2147;400;304;13-11-2024;Joost;
1;3;10;MY2147;400;272;13-11-2024;Joost;
1;3;10;MY2147;400;250;13-11-2024;Joost;
1;3;11;MY2693;0;495;13-11-2024;Rick;
1;3;11;MY2693;0;527;13-11-2024;Rick;
1;3;11;MY2693;0;422;13-11-2024;Rick;
1;3;11;MY2693;100;437;13-11-2024;Rick;
1;3;11;MY2693;100;233;13-11-2024;Rick;
1;3;11;MY2693;100;463;13-11-2024;Rick;
1;3;11;MY2693;200;394;13-11-2024;Rick;
1;3;11;MY2693;200;318;13-11-2024;Rick;
1;3;11;MY2693;200;349;13-11-2024;Rick;
1;3;11;MY2693;300;149;13-11-2024;Rick;
1;3;11;MY2693;300;295;13-11-2024;Rick;
1;3;11;MY2693;300;235;13-11-2024;Rick;
1;3;11;MY2693;400;143;13-11-2024;Rick;
1;3;11;MY2693;400;88;13-11-2024;Rick;
1;3;11;MY2693;400;19;13-11-2024;Rick;
1;3;12;N2;0;458;13-11-2024;Rick;
1;3;12;N2;0;570;13-11-2024;Rick;
1;3;12;N2;0;517;13-11-2024;Rick;
1;3;12;N2;100;557;13-11-2024;Rick;
1;3;12;N2;100;523;13-11-2024;Rick;
1;3;12;N2;100;420;13-11-2024;Rick;
1;3;12;N2;200;446;13-11-2024;Rick;
1;3;12;N2;200;259;13-11-2024;Rick;
1;3;12;N2;200;276;13-11-2024;Rick;
1;3;12;N2;300;237;13-11-2024;Rick;
1;3;12;N2;300;236;13-11-2024;Rick;
1;3;12;N2;300;252;13-11-2024;Rick;
1;3;12;N2;400;74;13-11-2024;Rick;
1;3;12;N2;400;109;13-11-2024;Rick;
1;3;12;N2;400;91;13-11-2024;Rick;
1;3;13;NIC2;0;521;13-11-2024;Rick;
1;3;13;NIC2;0;533;13-11-2024;Rick;
1;3;13;NIC2;0;538;13-11-2024;Rick;
1;3;13;NIC2;100;535;13-11-2024;Rick;
1;3;13;NIC2;100;499;13-11-2024;Rick;
1;3;13;NIC2;100;490;13-11-2024;Rick;
1;3;13;NIC2;200;393;13-11-2024;Rick;
1;3;13;NIC2;200;222;13-11-2024;Rick;
1;3;13;NIC2;200;410;13-11-2024;Rick;
1;3;13;NIC2;300;302;13-11-2024;Rick;
1;3;13;NIC2;300;347;13-11-2024;Rick;
1;3;13;NIC2;300;361;13-11-2024;Rick;
1;3;13;NIC2;400;192;13-11-2024;Rick;
1;3;13;NIC2;400;174;13-11-2024;Rick;
1;3;13;NIC2;400;157;13-11-2024;Rick;
1;3;14;NIC526;0;454;13-11-2024;Rick;
1;3;14;NIC526;0;456;13-11-2024;Rick;
1;3;14;NIC526;0;557;13-11-2024;Rick;
1;3;14;NIC526;100;387;13-11-2024;Rick;
1;3;14;NIC526;100;458;13-11-2024;Rick;
1;3;14;NIC526;100;426;13-11-2024;Rick;
1;3;14;NIC526;200;374;13-11-2024;Rick;
1;3;14;NIC526;200;336;13-11-2024;Rick;
1;3;14;NIC526;200;180;13-11-2024;Rick;
1;3;14;NIC526;300;127;13-11-2024;Rick;
1;3;14;NIC526;300;270;13-11-2024;Rick;
1;3;14;NIC526;300;299;13-11-2024;Rick;
1;3;14;NIC526;400;241;13-11-2024;Rick;
1;3;14;NIC526;400;262;13-11-2024;Rick;
1;3;14;NIC526;400;213;13-11-2024;Rick;
1;3;15;QX1794;0;570;13-11-2024;Joost;
1;3;15;QX1794;0;380;13-11-2024;Joost;
1;3;15;QX1794;0;470;13-11-2024;Joost;
1;3;15;QX1794;100;556;13-11-2024;Joost;
1;3;15;QX1794;100;496;13-11-2024;Joost;
1;3;15;QX1794;100;501;13-11-2024;Joost;
1;3;15;QX1794;200;403;13-11-2024;Joost;
1;3;15;QX1794;200;206;13-11-2024;Joost;
1;3;15;QX1794;200;379;13-11-2024;Joost;
1;3;15;QX1794;300;184;13-11-2024;Joost;
1;3;15;QX1794;300;158;13-11-2024;Joost;
1;3;15;QX1794;300;185;13-11-2024;Joost;
1;3;15;QX1794;400;226;13-11-2024;Joost;
1;3;15;QX1794;400;188;13-11-2024;Joost;
1;3;15;QX1794;400;160;13-11-2024;Joost;
1;3;16;XZ1516;0;482;13-11-2024;Joost;
1;3;16;XZ1516;0;540;13-11-2024;Joost;
1;3;16;XZ1516;0;473;13-11-2024;Joost;
1;3;16;XZ1516;100;433;13-11-2024;Joost;
1;3;16;XZ1516;100;467;13-11-2024;Joost;
1;3;16;XZ1516;100;363;13-11-2024;Joost;
1;3;16;XZ1516;200;231;13-11-2024;Joost;
1;3;16;XZ1516;200;365;13-11-2024;Joost;
1;3;16;XZ1516;200;346;13-11-2024;Joost;
1;3;16;XZ1516;300;37;13-11-2024;Joost;
1;3;16;XZ1516;300;192;13-11-2024;Joost;
1;3;16;XZ1516;300;119;13-11-2024;Joost;
1;3;16;XZ1516;400;36;13-11-2024;Joost;
1;3;16;XZ1516;400;2;13-11-2024;Joost;
1;3;16;XZ1516;400;2;13-11-2024;Joost;
2;4;1;CB4856;0;293;20210308;Marijke;
2;4;1;CB4856;0;162;20210308;Marijke;
2;4;1;CB4856;0;179;20210308;Marijke;
2;4;1;CB4856;100;179;20210308;Marijke;
2;4;1;CB4856;100;264;20210308;Marijke;
2;4;1;CB4856;100;;20210308;Marijke;
2;4;1;CB4856;200;;20210308;Marijke;
2;4;1;CB4856;200;;20210308;Marijke;
2;4;1;CB4856;200;154;20210308;Marijke;
2;4;1;CB4856;300;63;20210308;Marijke;
2;4;1;CB4856;300;92;20210308;Marijke;
2;4;1;CB4856;300;88;20210308;Marijke;
2;4;1;CB4856;400;91;20210308;Marijke;
2;4;1;CB4856;400;43;20210308;Marijke;
2;4;1;CB4856;400;29;20210308;Marijke;
2;4;2;DL238;0;264;20210308;Marijke;
2;4;2;DL238;0;193;20210308;Marijke;
2;4;2;DL238;0;268;20210308;Marijke;
2;4;2;DL238;100;213;20210308;Marijke;
2;4;2;DL238;100;148;20210308;Marijke;
2;4;2;DL238;100;162;20210308;Marijke;
2;4;2;DL238;200;124;20210308;Marijke;
2;4;2;DL238;200;291;20210308;Marijke;
2;4;2;DL238;200;251;20210308;Marijke;
2;4;2;DL238;300;70;20210308;Marijke;
2;4;2;DL238;300;21;20210308;Marijke;
2;4;2;DL238;300;243;20210308;Marijke;
2;4;2;DL238;400;66;20210308;Marijke;
2;4;2;DL238;400;23;20210308;Marijke;
2;4;2;DL238;400;19;20210308;Marijke;
2;4;3;ECA36;0;3;20210308;Mark;
2;4;3;ECA36;0;129;20210308;Mark;
2;4;3;ECA36;0;26;20210308;Mark;
2;4;3;ECA36;100;2;20210308;Mark;
2;4;3;ECA36;100;4;20210308;Mark;
2;4;3;ECA36;100;2;20210308;Mark;
2;4;3;ECA36;200;54;20210308;Marijke;
2;4;3;ECA36;200;39;20210308;Marijke;
2;4;3;ECA36;200;77;20210308;Marijke;
2;4;3;ECA36;300;6;20210308;Marijke;
2;4;3;ECA36;300;23;20210308;Marijke;
2;4;3;ECA36;300;2;20210308;Marijke;
2;4;3;ECA36;400;2;20210308;Marijke;
2;4;3;ECA36;400;3;20210308;Marijke;
2;4;3;ECA36;400;2;20210308;Marijke;
2;4;4;ECA396;0;59;20210308;Marijke;
2;4;4;ECA396;0;133;20210308;Marijke;
2;4;4;ECA396;0;210;20210308;Marijke;
2;4;4;ECA396;100;210;20210308;Marijke;
2;4;4;ECA396;100;250;20210308;Marijke;
2;4;4;ECA396;100;122;20210308;Marijke;
2;4;4;ECA396;200;98;20210308;Marijke;
2;4;4;ECA396;200;167;20210308;Marijke;
2;4;4;ECA396;200;136;20210308;Marijke;
2;4;4;ECA396;300;54;20210308;Marijke;
2;4;4;ECA396;300;50;20210308;Marijke;
2;4;4;ECA396;300;44;20210308;Marijke;
2;4;4;ECA396;400;32;20210308;Marijke;
2;4;4;ECA396;400;15;20210308;Marijke;
2;4;4;ECA396;400;18;20210308;Marijke;
2;4;5;EG4725;0;304;20210308;Marijke;
2;4;5;EG4725;0;313;20210308;Marijke;
2;4;5;EG4725;0;464;20210308;Marijke;
2;4;5;EG4725;100;268;20210308;Marijke;
2;4;5;EG4725;100;296;20210308;Marijke;
2;4;5;EG4725;100;100;20210308;Marijke;
2;4;5;EG4725;200;254;20210308;Marijke;
2;4;5;EG4725;200;80;20210308;Marijke;
2;4;5;EG4725;200;196;20210308;Marijke;
2;4;5;EG4725;300;134;20210308;Marijke;
2;4;5;EG4725;300;241;20210308;Marijke;
2;4;5;EG4725;300;64;20210308;Marijke;
2;4;5;EG4725;400;9;20210308;Marijke;
2;4;5;EG4725;400;20;20210308;Marijke;
2;4;5;EG4725;400;2;20210308;Marijke;
2;4;6;JU1400;0;107;20210308;Marijke;
2;4;6;JU1400;0;;20210308;Marijke;
2;4;6;JU1400;0;211;20210308;Marijke;
2;4;6;JU1400;100;145;20210308;Marijke;
2;4;6;JU1400;100;210;20210308;Marijke;
2;4;6;JU1400;100;136;20210308;Marijke;
2;4;6;JU1400;200;;20210308;Marijke;
2;4;6;JU1400;200;94;20210308;Marijke;
2;4;6;JU1400;200;;20210308;Marijke;
2;4;6;JU1400;300;1;20210308;Marijke;
2;4;6;JU1400;300;2;20210308;Marijke;
2;4;6;JU1400;300;61;20210308;Marijke;
2;4;6;JU1400;400;1;20210308;Marijke;
2;4;6;JU1400;400;1;20210308;Marijke;
2;4;6;JU1400;400;34;20210308;Marijke;
2;4;7;JU2526;0;289;20210308;Marijke;
2;4;7;JU2526;0;197;20210308;Marijke;
2;4;7;JU2526;0;310;20210308;Marijke;
2;4;7;JU2526;100;180;20210308;Marijke;
2;4;7;JU2526;100;124;20210308;Marijke;
2;4;7;JU2526;100;221;20210308;Marijke;
2;4;7;JU2526;200;198;20210308;Marijke;
2;4;7;JU2526;200;1;20210308;Marijke;
2;4;7;JU2526;200;87;20210308;Marijke;
2;4;7;JU2526;300;85;20210308;Marijke;
2;4;7;JU2526;300;86;20210308;Marijke;
2;4;7;JU2526;300;144;20210308;Marijke;
2;4;7;JU2526;400;49;20210308;Marijke;
2;4;7;JU2526;400;67;20210308;Marijke;
2;4;7;JU2526;400;2;20210308;Marijke;
2;4;8;JU2600;0;;20210308;Marijke;
2;4;8;JU2600;0;357;20210308;Marijke;
2;4;8;JU2600;0;;20210308;Marijke;
2;4;8;JU2600;100;159;20210308;Marijke;
2;4;8;JU2600;100;333;20210308;Marijke;
2;4;8;JU2600;100;211;20210308;Marijke;
2;4;8;JU2600;200;107;20210308;Marijke;
2;4;8;JU2600;200;177;20210308;Marijke;
2;4;8;JU2600;200;;20210308;Marijke;
2;4;8;JU2600;300;21;20210308;Marijke;
2;4;8;JU2600;300;0;20210308;Marijke;
2;4;8;JU2600;300;13;20210308;Marijke;
2;4;8;JU2600;400;0;20210308;Marijke;  
2;4;8;JU2600;400;28;20210308;Marijke;  
2;4;8;JU2600;400;1;20210308;Marijke;  
2;4;9;JU310;0;290;20210308;Marijke;
2;4;9;JU310;0;317;20210308;Marijke;
2;4;9;JU310;0;276;20210308;Marijke;
2;4;9;JU310;100;362;20210308;Marijke;
2;4;9;JU310;100;331;20210308;Marijke;
2;4;9;JU310;100;318;20210308;Marijke;
2;4;9;JU310;200;278;20210308;Marijke;
2;4;9;JU310;200;349;20210308;Marijke;
2;4;9;JU310;200;231;20210308;Marijke;
2;4;9;JU310;300;100;20210308;Marijke;
2;4;9;JU310;300;117;20210308;Marijke;
2;4;9;JU310;300;28;20210308;Marijke;
2;4;9;JU310;400;13;20210308;Marijke;
2;4;9;JU310;400;2;20210308;Marijke;
2;4;9;JU310;400;24;20210308;Marijke;
2;4;10;MY2147;0;168;20210308;Marijke;
2;4;10;MY2147;0;346;20210308;Marijke;
2;4;10;MY2147;0;306;20210308;Marijke;
2;4;10;MY2147;100;165;20210308;Marijke;
2;4;10;MY2147;100;334;20210308;Marijke;
2;4;10;MY2147;100;171;20210308;Marijke;
2;4;10;MY2147;200;300;20210308;Mark;
2;4;10;MY2147;200;426;20210308;Mark;
2;4;10;MY2147;200;200;20210308;Mark;
2;4;10;MY2147;300;249;20210308;Mark;
2;4;10;MY2147;300;213;20210308;Mark;
2;4;10;MY2147;300;180;20210308;Mark;
2;4;10;MY2147;400;2;20210308;Mark;
2;4;10;MY2147;400;77;20210308;Mark;
2;4;10;MY2147;400;25;20210308;Mark;
2;4;11;MY2693;0;288;20210308;Mark;many males
2;4;11;MY2693;0;335;20210308;Mark;many males
2;4;11;MY2693;0;233;20210308;Mark;many males
2;4;11;MY2693;100;445;20210315;Mark;
2;4;11;MY2693;100;213;20210315;Mark;
2;4;11;MY2693;100;211;20210315;Mark;
2;4;11;MY2693;200;105;20210308;Marijke;
2;4;11;MY2693;200;110;20210308;Marijke;
2;4;11;MY2693;200;139;20210308;Marijke;
2;4;11;MY2693;300;113;20210308;Marijke;
2;4;11;MY2693;300;1;20210308;Marijke;
2;4;11;MY2693;300;138;20210308;Marijke;
2;4;11;MY2693;400;2;20210308;Marijke;
2;4;11;MY2693;400;2;20210308;Marijke;
2;4;11;MY2693;400;2;20210308;Marijke;
2;4;12;N2;0;118;20210308;Marijke;
2;4;12;N2;0;354;20210308;Marijke;
2;4;12;N2;0;316;20210308;Marijke;
2;4;12;N2;100;282;20210308;Marijke;
2;4;12;N2;100;276;20210308;Marijke;
2;4;12;N2;100;176;20210308;Marijke;
2;4;12;N2;200;194;20210308;Marijke;
2;4;12;N2;200;162;20210308;Marijke;
2;4;12;N2;200;342;20210308;Marijke;
2;4;12;N2;300;234;20210308;Marijke;
2;4;12;N2;300;131;20210308;Marijke;
2;4;12;N2;300;100;20210308;Marijke;
2;4;12;N2;400;95;20210308;Marijke;
2;4;12;N2;400;121;20210308;Marijke;
2;4;12;N2;400;68;20210308;Marijke;
2;4;13;NIC2;0;280;20210308;Marijke;
2;4;13;NIC2;0;403;20210308;Marijke;
2;4;13;NIC2;0;409;20210308;Marijke;
2;4;13;NIC2;100;83;20210308;Marijke;
2;4;13;NIC2;100;429;20210308;Marijke;
2;4;13;NIC2;100;151;20210308;Marijke;
2;4;13;NIC2;200;491;20210308;Mark;
2;4;13;NIC2;200;66;20210308;Mark;
2;4;13;NIC2;200;366;20210308;Mark;
2;4;13;NIC2;300;80;20210308;Marijke;
2;4;13;NIC2;300;256;20210308;Marijke;
2;4;13;NIC2;300;34;20210308;Marijke;
2;4;13;NIC2;400;101;20210308;Marijke;
2;4;13;NIC2;400;67;20210308;Marijke;
2;4;13;NIC2;400;103;20210308;Marijke;
2;4;14;NIC526;0;241;20210308;Marijke;
2;4;14;NIC526;0;440;20210308;Marijke;
2;4;14;NIC526;0;323;20210308;Marijke;
2;4;14;NIC526;100;296;20210308;Marijke;
2;4;14;NIC526;100;285;20210308;Marijke;
2;4;14;NIC526;100;297;20210308;Marijke;
2;4;14;NIC526;200;267;20210308;Marijke;
2;4;14;NIC526;200;233;20210308;Marijke;
2;4;14;NIC526;200;158;20210308;Marijke;
2;4;14;NIC526;300;179;20210308;Marijke;
2;4;14;NIC526;300;351;20210308;Marijke;
2;4;14;NIC526;300;106;20210308;Marijke;
2;4;14;NIC526;400;95;20210308;Marijke;
2;4;14;NIC526;400;2;20210308;Marijke;
2;4;14;NIC526;400;21;20210308;Marijke;
2;4;15;QX1794;0;369;20210308;Marijke;
2;4;15;QX1794;0;184;20210308;Marijke;
2;4;15;QX1794;0;143;20210308;Marijke;
2;4;15;QX1794;100;199;20210308;Marijke;
2;4;15;QX1794;100;47;20210308;Marijke;
2;4;15;QX1794;100;158;20210308;Marijke;
2;4;15;QX1794;200;2;20210308;Marijke;
2;4;15;QX1794;200;100;20210308;Marijke;
2;4;15;QX1794;200;169;20210308;Marijke;
2;4;15;QX1794;300;51;20210308;Marijke;
2;4;15;QX1794;300;46;20210308;Marijke;
2;4;15;QX1794;300;55;20210308;Marijke;
2;4;15;QX1794;400;3;20210308;Marijke;
2;4;15;QX1794;400;35;20210308;Marijke;
2;4;15;QX1794;400;49;20210308;Marijke;
2;4;16;XZ1516;0;120;20210308;Marijke;
2;4;16;XZ1516;0;212;20210308;Marijke;
2;4;16;XZ1516;0;133;20210308;Marijke;
2;4;16;XZ1516;100;112;20210308;Marijke;
2;4;16;XZ1516;100;2;20210308;Marijke;
2;4;16;XZ1516;100;178;20210308;Marijke;
2;4;16;XZ1516;200;24;20210308;Marijke;
2;4;16;XZ1516;200;38;20210308;Marijke;
2;4;16;XZ1516;200;49;20210308;Marijke;
2;4;16;XZ1516;300;28;20210308;Marijke;
2;4;16;XZ1516;300;14;20210308;Marijke;
2;4;16;XZ1516;300;5;20210308;Marijke;
2;4;16;XZ1516;400;2;20210323;Samirah;
2;4;16;XZ1516;400;1;20210323;Samirah;
2;4;16;XZ1516;400;2;20210323;Samirah;
2;5;1;CB4856;0;124;20210315;Mark;one not counted (fished male)
2;5;1;CB4856;0;;20210315;Mark;one not counted (fished male)
2;5;1;CB4856;0;179;20210315;Mark;one not counted (fished male)
2;5;1;CB4856;100;389;20210315;Mark;
2;5;1;CB4856;100;421;20210315;Mark;
2;5;1;CB4856;100;18;20210315;Mark;
2;5;1;CB4856;200;230;20210315;Marijke;
2;5;1;CB4856;200;243;20210315;Marijke;
2;5;1;CB4856;200;110;20210315;Marijke;
2;5;1;CB4856;300;162;20210315;Marijke;
2;5;1;CB4856;300;135;20210315;Marijke;
2;5;1;CB4856;300;146;20210315;Marijke;
2;5;1;CB4856;400;;20210315;Marijke;
2;5;1;CB4856;400;62;20210315;Marijke;
2;5;1;CB4856;400;68;20210315;Marijke;
2;5;2;DL238;0;272;20210315;Marijke;
2;5;2;DL238;0;114;20210315;Marijke;
2;5;2;DL238;0;110;20210315;Marijke;
2;5;2;DL238;100;235;20210315;Marijke;
2;5;2;DL238;100;98;20210315;Marijke;
2;5;2;DL238;100;138;20210315;Marijke;
2;5;2;DL238;200;150;20210315;Marijke;
2;5;2;DL238;200;;20210315;Marijke;
2;5;2;DL238;200;117;20210315;Marijke;
2;5;2;DL238;300;;20210315;Marijke;
2;5;2;DL238;300;133;20210315;Marijke;
2;5;2;DL238;300;143;20210315;Marijke;
2;5;2;DL238;400;16;20210315;Marijke;
2;5;2;DL238;400;122;20210315;Marijke;
2;5;2;DL238;400;48;20210315;Marijke;
2;5;3;ECA36;0;126;20210315;Marijke;
2;5;3;ECA36;0;92;20210315;Marijke;
2;5;3;ECA36;0;70;20210315;Marijke;
2;5;3;ECA36;100;92;20210315;Marijke;
2;5;3;ECA36;100;2;20210315;Marijke;
2;5;3;ECA36;100;29;20210315;Marijke;
2;5;3;ECA36;200;113;20210315;Mark;last one: suicide
2;5;3;ECA36;200;2;20210315;Mark;last one: suicide
2;5;3;ECA36;200;1;20210315;Mark;last one: suicide
2;5;3;ECA36;300;34;20210315;Marijke;
2;5;3;ECA36;300;1;20210315;Marijke;
2;5;3;ECA36;300;28;20210315;Marijke;
2;5;3;ECA36;400;16;20210315;Mark;
2;5;3;ECA36;400;2;20210315;Mark;
2;5;3;ECA36;400;2;20210315;Mark;
2;5;4;ECA396;0;194;20210315;Marijke;
2;5;4;ECA396;0;94;20210315;Marijke;
2;5;4;ECA396;0;231;20210315;Marijke;
2;5;4;ECA396;100;299;20210315;Marijke;
2;5;4;ECA396;100;254;20210315;Marijke;
2;5;4;ECA396;100;245;20210315;Marijke;
2;5;4;ECA396;200;213;20210315;Marijke;
2;5;4;ECA396;200;227;20210315;Marijke;
2;5;4;ECA396;200;153;20210315;Marijke;
2;5;4;ECA396;300;125;20210315;Marijke;
2;5;4;ECA396;300;143;20210315;Marijke;
2;5;4;ECA396;300;153;20210315;Marijke;
2;5;4;ECA396;400;61;20210315;Marijke;
2;5;4;ECA396;400;125;20210315;Marijke;
2;5;4;ECA396;400;120;20210315;Marijke;
2;5;5;EG4725;0;260;20210315;Marijke;
2;5;5;EG4725;0;311;20210315;Marijke;
2;5;5;EG4725;0;216;20210315;Marijke;
2;5;5;EG4725;100;341;20210315;Marijke;
2;5;5;EG4725;100;301;20210315;Marijke;
2;5;5;EG4725;100;325;20210315;Marijke;
2;5;5;EG4725;200;274;20210315;Marijke;
2;5;5;EG4725;200;272;20210315;Marijke;
2;5;5;EG4725;200;308;20210315;Marijke;
2;5;5;EG4725;300;284;20210315;Marijke;
2;5;5;EG4725;300;340;20210315;Marijke;
2;5;5;EG4725;300;17;20210315;Marijke;
2;5;5;EG4725;400;41;20210315;Marijke;
2;5;5;EG4725;400;145;20210315;Marijke;
2;5;5;EG4725;400;107;20210315;Marijke;
2;5;6;JU1400;0;92;20210315;Marijke;
2;5;6;JU1400;0;113;20210315;Marijke;
2;5;6;JU1400;0;146;20210315;Marijke;
2;5;6;JU1400;100;276;20210315;Marijke;
2;5;6;JU1400;100;305;20210315;Marijke;
2;5;6;JU1400;100;;20210315;Marijke;
2;5;6;JU1400;200;160;20210315;Marijke;
2;5;6;JU1400;200;161;20210315;Marijke;
2;5;6;JU1400;200;208;20210315;Marijke;
2;5;6;JU1400;300;92;20210315;Marijke;
2;5;6;JU1400;300;55;20210315;Marijke;
2;5;6;JU1400;300;160;20210315;Marijke;
2;5;6;JU1400;400;1;20210315;Marijke;
2;5;6;JU1400;400;1;20210315;Marijke;
2;5;6;JU1400;400;60;20210315;Marijke;
2;5;7;JU2526;0;336;20210315;Marijke;
2;5;7;JU2526;0;379;20210315;Marijke;
2;5;7;JU2526;0;84;20210315;Marijke;
2;5;7;JU2526;100;353;20210315;Marijke;
2;5;7;JU2526;100;330;20210315;Marijke;
2;5;7;JU2526;100;296;20210315;Marijke;
2;5;7;JU2526;200;259;20210315;Marijke;
2;5;7;JU2526;200;240;20210315;Marijke;
2;5;7;JU2526;200;119;20210315;Marijke;
2;5;7;JU2526;300;224;20210315;Marijke;
2;5;7;JU2526;300;66;20210315;Marijke;
2;5;7;JU2526;300;100;20210315;Marijke;
2;5;7;JU2526;400;7;20210315;Marijke;
2;5;7;JU2526;400;82;20210315;Marijke;
2;5;7;JU2526;400;187;20210315;Marijke;
2;5;8;JU2600;0;162;20210315;Marijke;
2;5;8;JU2600;0;375;20210315;Marijke;
2;5;8;JU2600;0;350;20210315;Marijke;
2;5;8;JU2600;100;370;20210315;Marijke;
2;5;8;JU2600;100;341;20210315;Marijke;
2;5;8;JU2600;100;290;20210315;Marijke;
2;5;8;JU2600;200;282;20210315;Marijke;
2;5;8;JU2600;200;201;20210315;Marijke;
2;5;8;JU2600;200;183;20210315;Marijke;
2;5;8;JU2600;300;97;20210315;Marijke;
2;5;8;JU2600;300;167;20210315;Marijke;
2;5;8;JU2600;300;155;20210315;Marijke;
2;5;8;JU2600;400;58;20210315;Marijke;
2;5;8;JU2600;400;69;20210315;Marijke;
2;5;8;JU2600;400;59;20210315;Marijke;
2;5;9;JU310;0;190;20210315;Marijke;
2;5;9;JU310;0;297;20210315;Marijke;
2;5;9;JU310;0;254;20210315;Marijke;
2;5;9;JU310;100;218;20210315;Marijke;
2;5;9;JU310;100;337;20210315;Marijke;
2;5;9;JU310;100;391;20210315;Marijke;
2;5;9;JU310;200;269;20210315;Marijke;
2;5;9;JU310;200;258;20210315;Marijke;
2;5;9;JU310;200;251;20210315;Marijke;
2;5;9;JU310;300;75;20210315;Marijke;
2;5;9;JU310;300;264;20210315;Marijke;
2;5;9;JU310;300;219;20210315;Marijke;
2;5;9;JU310;400;107;20210315;Marijke;
2;5;9;JU310;400;135;20210315;Marijke;
2;5;9;JU310;400;89;20210315;Marijke;
2;5;10;MY2147;0;154;20210315;Marijke;
2;5;10;MY2147;0;216;20210315;Marijke;
2;5;10;MY2147;0;254;20210315;Marijke;
2;5;10;MY2147;100;429;20210315;Mark;
2;5;10;MY2147;100;274;20210315;Mark;
2;5;10;MY2147;100;156;20210315;Mark;
2;5;10;MY2147;200;395;20210315;Marijke;
2;5;10;MY2147;200;365;20210315;Marijke;
2;5;10;MY2147;200;205;20210315;Marijke;
2;5;10;MY2147;300;215;20210315;Mark;
2;5;10;MY2147;300;231;20210315;Mark;
2;5;10;MY2147;300;233;20210315;Mark;
2;5;10;MY2147;400;51;20210315;Mark;
2;5;10;MY2147;400;1;20210315;Mark;
2;5;10;MY2147;400;60;20210315;Mark;
2;5;11;MY2693;0;188;20210315;Mark;
2;5;11;MY2693;0;290;20210315;Mark;
2;5;11;MY2693;0;110;20210315;Mark;
2;5;11;MY2693;100;352;20210323;Marijke;
2;5;11;MY2693;100;404;20210323;Marijke;
2;5;11;MY2693;100;207;20210323;Marijke;
2;5;11;MY2693;200;244;20210315;Marijke;
2;5;11;MY2693;200;270;20210315;Marijke;
2;5;11;MY2693;200;286;20210315;Marijke;
2;5;11;MY2693;300;182;20210315;Marijke;
2;5;11;MY2693;300;58;20210315;Marijke;
2;5;11;MY2693;300;1;20210315;Marijke;
2;5;11;MY2693;400;106;20210315;Marijke;
2;5;11;MY2693;400;;20210315;Marijke;
2;5;11;MY2693;400;80;20210315;Marijke;
2;5;12;N2;0;314;20210315;Marijke;
2;5;12;N2;0;377;20210315;Marijke;
2;5;12;N2;0;412;20210315;Marijke;
2;5;12;N2;100;260;20210315;Marijke;
2;5;12;N2;100;200;20210315;Marijke;
2;5;12;N2;100;357;20210315;Marijke;
2;5;12;N2;200;263;20210315;Marijke;
2;5;12;N2;200;193;20210315;Marijke;
2;5;12;N2;200;207;20210315;Marijke;
2;5;12;N2;300;228;20210315;Marijke;
2;5;12;N2;300;112;20210315;Marijke;
2;5;12;N2;300;289;20210315;Marijke;
2;5;12;N2;400;192;20210315;Mark;
2;5;12;N2;400;89;20210315;Mark;
2;5;12;N2;400;107;20210315;Mark;
2;5;13;NIC2;0;329;20210315;Marijke;
2;5;13;NIC2;0;335;20210315;Marijke;
2;5;13;NIC2;0;285;20210315;Marijke;
2;5;13;NIC2;100;552;20210315;Mark;also cannot find parents
2;5;13;NIC2;100;0;20210315;Mark;also cannot find parents
2;5;13;NIC2;100;60;20210315;Mark;also cannot find parents
2;5;13;NIC2;200;346;20210315;Mark;
2;5;13;NIC2;200;340;20210315;Mark;
2;5;13;NIC2;200;211;20210315;Mark;
2;5;13;NIC2;300;285;20210315;Marijke;
2;5;13;NIC2;300;220;20210315;Marijke;
2;5;13;NIC2;300;174;20210315;Marijke;
2;5;13;NIC2;400;137;20210315;Marijke;
2;5;13;NIC2;400;164;20210315;Marijke;
2;5;13;NIC2;400;235;20210315;Marijke;
2;5;14;NIC526;0;201;20210315;Marijke;
2;5;14;NIC526;0;158;20210315;Marijke;
2;5;14;NIC526;0;369;20210315;Marijke;
2;5;14;NIC526;100;225;20210315;Marijke;
2;5;14;NIC526;100;329;20210315;Marijke;
2;5;14;NIC526;100;240;20210315;Marijke;
2;5;14;NIC526;200;107;20210315;Marijke;
2;5;14;NIC526;200;197;20210315;Marijke;
2;5;14;NIC526;200;118;20210315;Marijke;
2;5;14;NIC526;300;156;20210315;Mark;
2;5;14;NIC526;300;142;20210315;Mark;
2;5;14;NIC526;300;184;20210315;Mark;
2;5;14;NIC526;400;36;20210315;Marijke;
2;5;14;NIC526;400;56;20210315;Marijke;
2;5;14;NIC526;400;56;20210315;Marijke;
2;5;15;QX1794;0;486;20210315;Mark;
2;5;15;QX1794;0;289;20210315;Mark;
2;5;15;QX1794;0;233;20210315;Mark;
2;5;15;QX1794;100;312;20210315;Mark;
2;5;15;QX1794;100;246;20210315;Mark;
2;5;15;QX1794;100;373;20210315;Mark;
2;5;15;QX1794;200;238;20210315;Marijke;
2;5;15;QX1794;200;88;20210315;Marijke;
2;5;15;QX1794;200;137;20210315;Marijke;
2;5;15;QX1794;300;32;20210315;Marijke;
2;5;15;QX1794;300;191;20210315;Marijke;
2;5;15;QX1794;300;212;20210315;Marijke;
2;5;15;QX1794;400;4;20210315;Marijke;
2;5;15;QX1794;400;95;20210315;Marijke;
2;5;15;QX1794;400;151;20210315;Marijke;
2;5;16;XZ1516;0;250;20210315;Marijke;
2;5;16;XZ1516;0;254;20210315;Marijke;
2;5;16;XZ1516;0;133;20210315;Marijke;
2;5;16;XZ1516;100;71;20210315;Marijke;
2;5;16;XZ1516;100;120;20210315;Marijke;
2;5;16;XZ1516;100;121;20210315;Marijke;
2;5;16;XZ1516;200;3;20210315;Marijke;
2;5;16;XZ1516;200;4;20210315;Marijke;
2;5;16;XZ1516;200;76;20210315;Marijke;
2;5;16;XZ1516;300;18;20210315;Marijke;
2;5;16;XZ1516;300;23;20210315;Marijke;
2;5;16;XZ1516;300;41;20210315;Marijke;
2;5;16;XZ1516;400;2;20210308;Marijke;
2;5;16;XZ1516;400;2;20210308;Marijke;
2;5;16;XZ1516;400;5;20210308;Marijke;
2;6;1;CB4856;0;;20210323;Marijke;
2;6;1;CB4856;0;360;20210323;Marijke;
2;6;1;CB4856;0;332;20210323;Marijke;
2;6;1;CB4856;100;182;20210323;Marijke;
2;6;1;CB4856;100;280;20210323;Marijke;
2;6;1;CB4856;100;228;20210323;Marijke;
2;6;1;CB4856;200;298;20210323;Marijke;
2;6;1;CB4856;200;232;20210323;Marijke;
2;6;1;CB4856;200;156;20210323;Marijke;
2;6;1;CB4856;300;;20210323;Marijke;
2;6;1;CB4856;300;;20210323;Marijke;
2;6;1;CB4856;300;94;20210323;Marijke;
2;6;1;CB4856;400;73;20210323;Marijke;
2;6;1;CB4856;400;;20210323;Marijke;
2;6;1;CB4856;400;74;20210323;Marijke;
2;6;2;DL238;0;359;20210323;Marijke;
2;6;2;DL238;0;304;20210323;Marijke;
2;6;2;DL238;0;365;20210323;Marijke;
2;6;2;DL238;100;355;20210323;Marijke;
2;6;2;DL238;100;139;20210323;Marijke;
2;6;2;DL238;100;303;20210323;Marijke;
2;6;2;DL238;200;165;20210323;Marijke;
2;6;2;DL238;200;267;20210323;Marijke;
2;6;2;DL238;200;290;20210323;Marijke;
2;6;2;DL238;300;261;20210323;Marijke;
2;6;2;DL238;300;271;20210323;Marijke;
2;6;2;DL238;300;102;20210323;Marijke;
2;6;2;DL238;400;70;20210323;Marijke;
2;6;2;DL238;400;6;20210323;Marijke;
2;6;2;DL238;400;69;20210323;Marijke;
2;6;3;ECA36;0;229;20210323;Marijke;
2;6;3;ECA36;0;195;20210323;Marijke;
2;6;3;ECA36;0;158;20210323;Marijke;
2;6;3;ECA36;100;2;20210323;Marijke;
2;6;3;ECA36;100;26;20210323;Marijke;
2;6;3;ECA36;100;2;20210323;Marijke;
2;6;3;ECA36;200;19;20210323;Marijke;
2;6;3;ECA36;200;4;20210323;Marijke;
2;6;3;ECA36;200;1;20210323;Marijke;
2;6;3;ECA36;300;56;20210323;Marijke;
2;6;3;ECA36;300;2;20210323;Marijke;
2;6;3;ECA36;300;1;20210323;Marijke;
2;6;3;ECA36;400;39;20210323;Marijke;
2;6;3;ECA36;400;20;20210323;Marijke;
2;6;3;ECA36;400;2;20210323;Marijke;
2;6;4;ECA396;0;324;20210323;Samirah;
2;6;4;ECA396;0;196;20210323;Samirah;
2;6;4;ECA396;0;364;20210323;Samirah;
2;6;4;ECA396;100;283;20210323;Samirah;
2;6;4;ECA396;100;175;20210323;Samirah;
2;6;4;ECA396;100;297;20210323;Samirah;
2;6;4;ECA396;200;122;20210323;Samirah;
2;6;4;ECA396;200;132;20210323;Samirah;
2;6;4;ECA396;200;105;20210323;Samirah;
2;6;4;ECA396;300;215;20210323;Samirah;
2;6;4;ECA396;300;90;20210323;Samirah;
2;6;4;ECA396;300;170;20210323;Samirah;
2;6;4;ECA396;400;25;20210323;Marijke;
2;6;4;ECA396;400;66;20210323;Marijke;
2;6;4;ECA396;400;57;20210323;Marijke;
2;6;5;EG4725;0;377;20210323;Marijke;
2;6;5;EG4725;0;383;20210323;Marijke;
2;6;5;EG4725;0;343;20210323;Marijke;
2;6;5;EG4725;100;467;20210323;Samirah;
2;6;5;EG4725;100;227;20210323;Samirah;
2;6;5;EG4725;100;355;20210323;Samirah;
2;6;5;EG4725;200;375;20210323;Marijke;
2;6;5;EG4725;200;264;20210323;Marijke;
2;6;5;EG4725;200;194;20210323;Marijke;
2;6;5;EG4725;300;206;20210323;Marijke;
2;6;5;EG4725;300;91;20210323;Marijke;
2;6;5;EG4725;300;174;20210323;Marijke;
2;6;5;EG4725;400;175;20210323;Marijke;
2;6;5;EG4725;400;3;20210323;Marijke;
2;6;5;EG4725;400;148;20210323;Marijke;
2;6;6;JU1400;0;2;20210323;Samirah;
2;6;6;JU1400;0;82;20210323;Samirah;
2;6;6;JU1400;0;242;20210323;Samirah;
2;6;6;JU1400;100;;20210323;Marijke;
2;6;6;JU1400;100;23;20210323;Marijke;
2;6;6;JU1400;100;108;20210323;Marijke;
2;6;6;JU1400;200;104;20210323;Samirah;
2;6;6;JU1400;200;105;20210323;Samirah;
2;6;6;JU1400;200;112;20210323;Samirah;
2;6;6;JU1400;300;155;20210323;Marijke;
2;6;6;JU1400;300;25;20210323;Marijke;
2;6;6;JU1400;300;57;20210323;Marijke;
2;6;6;JU1400;400;82;20210323;Samirah;
2;6;6;JU1400;400;29;20210323;Samirah;
2;6;6;JU1400;400;16;20210323;Samirah;
2;6;7;JU2526;0;228;20210323;Marijke;
2;6;7;JU2526;0;268;20210323;Marijke;
2;6;7;JU2526;0;329;20210323;Marijke;
2;6;7;JU2526;100;305;20210323;Marijke;
2;6;7;JU2526;100;141;20210323;Marijke;
2;6;7;JU2526;100;286;20210323;Marijke;
2;6;7;JU2526;200;147;20210323;Marijke;
2;6;7;JU2526;200;149;20210323;Marijke;
2;6;7;JU2526;200;94;20210323;Marijke;
2;6;7;JU2526;300;150;20210323;Marijke;
2;6;7;JU2526;300;98;20210323;Marijke;
2;6;7;JU2526;300;307;20210323;Marijke;
2;6;7;JU2526;400;65;20210323;Marijke;
2;6;7;JU2526;400;56;20210323;Marijke;
2;6;7;JU2526;400;121;20210323;Marijke;
2;6;8;JU2600;0;190;20210323;Marijke;
2;6;8;JU2600;0;473;20210323;Marijke;
2;6;8;JU2600;0;444;20210323;Marijke;
2;6;8;JU2600;100;237;20210323;Marijke;
2;6;8;JU2600;100;335;20210323;Marijke;
2;6;8;JU2600;100;378;20210323;Marijke;
2;6;8;JU2600;200;271;20210323;Samirah;
2;6;8;JU2600;200;272;20210323;Samirah;
2;6;8;JU2600;200;194;20210323;Samirah;
2;6;8;JU2600;300;244;20210323;Marijke;
2;6;8;JU2600;300;141;20210323;Marijke;
2;6;8;JU2600;300;166;20210323;Marijke;
2;6;8;JU2600;400;1;20210323;Samirah;
2;6;8;JU2600;400;2;20210323;Samirah;
2;6;8;JU2600;400;2;20210323;Samirah;
2;6;9;JU310;0;565;20210323;Samirah;
2;6;9;JU310;0;505;20210323;Samirah;
2;6;9;JU310;0;578;20210323;Samirah;
2;6;9;JU310;100;482;20210323;Samirah;
2;6;9;JU310;100;403;20210323;Samirah;
2;6;9;JU310;100;357;20210323;Samirah;
2;6;9;JU310;200;183;20210323;Samirah;
2;6;9;JU310;200;359;20210323;Samirah;
2;6;9;JU310;200;230;20210323;Samirah;
2;6;9;JU310;300;346;20210323;Samirah;
2;6;9;JU310;300;325;20210323;Samirah;
2;6;9;JU310;300;341;20210323;Samirah;
2;6;9;JU310;400;9;20210323;Samirah;
2;6;9;JU310;400;;20210323;Samirah;
2;6;9;JU310;400;81;20210323;Samirah;
2;6;10;MY2147;0;488;20210323;Samirah;
2;6;10;MY2147;0;351;20210323;Samirah;
2;6;10;MY2147;0;775;20210323;Samirah;
2;6;10;MY2147;100;484;20210323;Samirah;
2;6;10;MY2147;100;459;20210323;Samirah;
2;6;10;MY2147;100;431;20210323;Samirah;
2;6;10;MY2147;200;303;20210323;Samirah;
2;6;10;MY2147;200;354;20210323;Samirah;
2;6;10;MY2147;200;309;20210323;Samirah;
2;6;10;MY2147;300;311;20210323;Samirah;
2;6;10;MY2147;300;291;20210323;Samirah;
2;6;10;MY2147;300;94;20210323;Samirah;
2;6;10;MY2147;400;228;20210323;Samirah;
2;6;10;MY2147;400;200;20210323;Samirah;
2;6;10;MY2147;400;116;20210323;Samirah;
2;6;11;MY2693;0;365;20210323;Marijke;
2;6;11;MY2693;0;431;20210323;Marijke;
2;6;11;MY2693;0;413;20210323;Marijke;
2;6;11;MY2693;100;216;20210308;Marijke;
2;6;11;MY2693;100;144;20210308;Marijke;
2;6;11;MY2693;100;331;20210308;Marijke;
2;6;11;MY2693;200;163;20210323;Marijke;
2;6;11;MY2693;200;77;20210323;Marijke;
2;6;11;MY2693;200;245;20210323;Marijke;
2;6;11;MY2693;300;145;20210323;Marijke;
2;6;11;MY2693;300;30;20210323;Marijke;
2;6;11;MY2693;300;201;20210323;Marijke;
2;6;11;MY2693;400;4;20210323;Marijke;
2;6;11;MY2693;400;2;20210323;Marijke;
2;6;11;MY2693;400;53;20210323;Marijke;
2;6;12;N2;0;450;20210323;Marijke;
2;6;12;N2;0;415;20210323;Marijke;
2;6;12;N2;0;187;20210323;Marijke;
2;6;12;N2;100;355;20210323;Marijke;
2;6;12;N2;100;402;20210323;Marijke;
2;6;12;N2;100;215;20210323;Marijke;
2;6;12;N2;200;292;20210323;Marijke;
2;6;12;N2;200;184;20210323;Marijke;
2;6;12;N2;200;290;20210323;Marijke;
2;6;12;N2;300;88;20210323;Marijke;
2;6;12;N2;300;149;20210323;Marijke;
2;6;12;N2;300;190;20210323;Marijke;
2;6;12;N2;400;52;20210323;Samirah;
2;6;12;N2;400;128;20210323;Samirah;
2;6;12;N2;400;62;20210323;Samirah;
2;6;13;NIC2;0;364;20210323;Marijke;
2;6;13;NIC2;0;402;20210323;Marijke;
2;6;13;NIC2;0;425;20210323;Marijke;
2;6;13;NIC2;100;402;20210323;Marijke;
2;6;13;NIC2;100;396;20210323;Marijke;
2;6;13;NIC2;100;455;20210323;Marijke;
2;6;13;NIC2;200;308;20210323;Marijke;
2;6;13;NIC2;200;250;20210323;Marijke;
2;6;13;NIC2;200;206;20210323;Marijke;
2;6;13;NIC2;300;277;20210323;Marijke;
2;6;13;NIC2;300;206;20210323;Marijke;
2;6;13;NIC2;300;287;20210323;Marijke;
2;6;13;NIC2;400;27;20210323;Marijke;
2;6;13;NIC2;400;142;20210323;Marijke;
2;6;13;NIC2;400;86;20210323;Marijke;
2;6;14;NIC526;0;316;20210323;Marijke;
2;6;14;NIC526;0;267;20210323;Marijke;
2;6;14;NIC526;0;241;20210323;Marijke;
2;6;14;NIC526;100;347;20210323;Marijke;
2;6;14;NIC526;100;337;20210323;Marijke;
2;6;14;NIC526;100;318;20210323;Marijke;
2;6;14;NIC526;200;278;20210323;Marijke;
2;6;14;NIC526;200;307;20210323;Marijke;
2;6;14;NIC526;200;329;20210323;Marijke;
2;6;14;NIC526;300;188;20210323;Marijke;
2;6;14;NIC526;300;167;20210323;Marijke;
2;6;14;NIC526;300;180;20210323;Marijke;
2;6;14;NIC526;400;58;20210323;Samirah;
2;6;14;NIC526;400;150;20210323;Samirah;
2;6;14;NIC526;400;70;20210323;Samirah;
2;6;15;QX1794;0;367;20210323;Marijke;
2;6;15;QX1794;0;475;20210323;Marijke;
2;6;15;QX1794;0;477;20210323;Marijke;
2;6;15;QX1794;100;346;20210323;Marijke;
2;6;15;QX1794;100;360;20210323;Marijke;
2;6;15;QX1794;100;364;20210323;Marijke;
2;6;15;QX1794;200;218;20210323;Marijke;
2;6;15;QX1794;200;184;20210323;Marijke;
2;6;15;QX1794;200;161;20210323;Marijke;
2;6;15;QX1794;300;104;20210323;Marijke;
2;6;15;QX1794;300;97;20210323;Marijke;
2;6;15;QX1794;300;65;20210323;Marijke;
2;6;15;QX1794;400;138;20210323;Marijke;
2;6;15;QX1794;400;96;20210323;Marijke;
2;6;15;QX1794;400;;20210323;Marijke;
2;6;16;XZ1516;0;239;20210323;Marijke;
2;6;16;XZ1516;0;259;20210323;Marijke;
2;6;16;XZ1516;0;269;20210323;Marijke;
2;6;16;XZ1516;100;72;20210323;Marijke;
2;6;16;XZ1516;100;183;20210323;Marijke;
2;6;16;XZ1516;100;147;20210323;Marijke;
2;6;16;XZ1516;200;128;20210323;Marijke;
2;6;16;XZ1516;200;186;20210323;Marijke;
2;6;16;XZ1516;200;2;20210323;Marijke;
2;6;16;XZ1516;300;50;20210323;Marijke;
2;6;16;XZ1516;300;130;20210323;Marijke;
2;6;16;XZ1516;300;5;20210323;Marijke;
2;6;16;XZ1516;400;2;20210315;Marijke;
2;6;16;XZ1516;400;19;20210315;Marijke;
2;6;16;XZ1516;400;1;20210315;Marijke;
