super_replicate,replicate,strain_no,strain,ethanol,broodsize,date,person_counting,comment,broodsize_nor
1,1,1,CB4856,0,471,21-10-2024,Rick,,1.1123247232472324
1,1,1,CB4856,0,433,21-10-2024,Rick,,1.0225830258302584
1,1,1,CB4856,0,494,21-10-2024,Rick,,1.1666420664206643
1,1,1,CB4856,100,383,21-10-2024,Rick,,0.9045018450184502
1,1,1,CB4856,100,359,21-10-2024,Rick,,0.8478228782287823
1,1,1,CB4856,100,387,21-10-2024,Rick,,0.9139483394833948
1,1,1,CB4856,200,333,21-10-2024,Rick,,0.786420664206642
1,1,1,CB4856,200,321,21-10-2024,Rick,,0.7580811808118081
1,1,1,CB4856,200,373,21-10-2024,Rick,,0.8808856088560886
1,1,1,CB4856,300,268,21-10-2024,Rick,,0.6329151291512916
1,1,1,CB4856,300,255,21-10-2024,Rick,,0.60221402214022135
1,1,1,CB4856,300,251,21-10-2024,Rick,,0.5927675276752767
1,1,1,CB4856,400,149,21-10-2024,Rick,Mold infection ,0.3518819188191882
1,1,1,CB4856,400,119,21-10-2024,Rick,Mold infection ,0.2810332103321033
1,1,1,CB4856,400,300,21-10-2024,Rick,Mold infection ,0.7084870848708487
1,1,2,DL238,0,474,21-10-2024,Rick,,1.3383529411764705
1,1,2,DL238,0,436,21-10-2024,Rick,,1.2310588235294118
1,1,2,DL238,0,453,21-10-2024,Rick,,1.2790588235294118
1,1,2,DL238,100,143,21-10-2024,Rick,,0.4037647058823529
1,1,2,DL238,100,421,21-10-2024,Rick,,1.188705882352941
1,1,2,DL238,100,411,21-10-2024,Rick,,1.1604705882352941
1,1,2,DL238,200,301,21-10-2024,Rick,,0.8498823529411764
1,1,2,DL238,200,365,21-10-2024,Rick,,1.0305882352941176
1,1,2,DL238,200,363,21-10-2024,Rick,,1.0249411764705882
1,1,2,DL238,300,261,21-10-2024,Rick,,0.7369411764705882
1,1,2,DL238,300,237,21-10-2024,Rick,,0.6691764705882353
1,1,2,DL238,300,144,21-10-2024,Rick,,0.40658823529411764
1,1,2,DL238,400,229,21-10-2024,Rick,Mold infection,0.6465882352941176
1,1,2,DL238,400,196,21-10-2024,Rick,Mold infection ,0.5534117647058823
1,1,2,DL238,400,139,21-10-2024,Rick,Mold infection ,0.39247058823529407
1,1,3,ECA36,0,181,21-10-2024,Rick,,1.0892678034102308
1,1,3,ECA36,0,168,21-10-2024,Rick,,1.0110330992978938
1,1,3,ECA36,0,361,21-10-2024,Rick,,2.172517552657974
1,1,3,ECA36,100,2,21-10-2024,Rick,,0.012036108324974926
1,1,3,ECA36,100,2,21-10-2024,Rick,,0.012036108324974926
1,1,3,ECA36,100,2,21-10-2024,Rick,,0.012036108324974926
1,1,3,ECA36,200,0,21-10-2024,Rick,,0
1,1,3,ECA36,200,80,21-10-2024,Rick,,0.481444332998997
1,1,3,ECA36,200,107,21-10-2024,Rick,,0.6439317953861585
1,1,3,ECA36,300,2,21-10-2024,Rick,,0.012036108324974926
1,1,3,ECA36,300,2,21-10-2024,Rick,,0.012036108324974926
1,1,3,ECA36,300,2,21-10-2024,Rick,Mold infection ,0.012036108324974926
1,1,3,ECA36,400,19,21-10-2024,Rick,Mold infection ,0.1143430290872618
1,1,3,ECA36,400,2,21-10-2024,Rick,Mold infection ,0.012036108324974926
1,1,3,ECA36,400,10,21-10-2024,Rick,,0.06018054162487463
1,1,4,ECA396,0,415,21-10-2024,Lisa,,1.4215033301617506
1,1,4,ECA396,0,333,21-10-2024,Lisa,,1.140627973358706
1,1,4,ECA396,0,321,21-10-2024,Lisa,,1.099524262607041
1,1,4,ECA396,100,358,21-10-2024,Lisa,,1.2262607040913416
1,1,4,ECA396,100,439,21-10-2024,Lisa,,1.5037107516650807
1,1,4,ECA396,100,325,21-10-2024,Lisa,,1.1132254995242625
1,1,4,ECA396,200,308,21-10-2024,Lisa,,1.0549952426260705
1,1,4,ECA396,200,159,21-10-2024,Lisa,,0.5446241674595623
1,1,4,ECA396,200,257,21-10-2024,Lisa,,0.8803044719314937
1,1,4,ECA396,300,270,21-10-2024,Lisa,,0.9248334919124643
1,1,4,ECA396,300,264,21-10-2024,Lisa,,0.9042816365366317
1,1,4,ECA396,300,269,21-10-2024,Lisa,,0.9214081826831588
1,1,4,ECA396,400,44,21-10-2024,Lisa,Mold infection,0.15071360608943862
1,1,4,ECA396,400,16,21-10-2024,Lisa,Mold infection,0.05480494766888677
1,1,4,ECA396,400,38,21-10-2024,Lisa,Mold infection,0.13016175071360608
1,1,5,EG4725,0,188,21-10-2024,Rick,,0.40223463687150834
1,1,5,EG4725,0,351,21-10-2024,Rick,,0.7509806252228693
1,1,5,EG4725,0,390,21-10-2024,Rick,,0.8344229169142993
1,1,5,EG4725,100,389,21-10-2024,Rick,,0.8322833709734934
1,1,5,EG4725,100,447,21-10-2024,Rick,,0.9563770355402353
1,1,5,EG4725,100,297,21-10-2024,Rick,,0.635445144419351
1,1,5,EG4725,200,396,21-10-2024,Rick,,0.8472601925591347
1,1,5,EG4725,200,357,21-10-2024,Rick,,0.7638179008677047
1,1,5,EG4725,200,169,21-10-2024,Rick,,0.36158326399619634
1,1,5,EG4725,300,385,21-10-2024,Rick,,0.8237251872102698
1,1,5,EG4725,300,273,21-10-2024,Rick,,0.5840960418400095
1,1,5,EG4725,300,217,21-10-2024,Rick,,0.46428146915487933
1,1,5,EG4725,400,150,21-10-2024,Rick,Mold infection,0.3209318911208843
1,1,5,EG4725,400,41,21-10-2024,Rick,Mold infection,0.08772138357304171
1,1,5,EG4725,400,265,21-10-2024,Rick,,0.5669796743135623
1,1,6,JU1400,0,399,21-10-2024,Lisa,,1.5356576862123614
1,1,6,JU1400,0,272,21-10-2024,Lisa,,1.0468643875933892
1,1,6,JU1400,0,360,21-10-2024,Lisa,,1.3855558071088976
1,1,6,JU1400,100,369,21-10-2024,Lisa,,1.42019470228662
1,1,6,JU1400,100,317,21-10-2024,Lisa,,1.2200588634820013
1,1,6,JU1400,100,314,21-10-2024,Lisa,,1.2085125650894273
1,1,6,JU1400,200,280,21-10-2024,Lisa,,1.0776545166402536
1,1,6,JU1400,200,312,21-10-2024,Lisa,,1.2008150328277112
1,1,6,JU1400,200,287,21-10-2024,Lisa,,1.10459587955626
1,1,6,JU1400,300,221,21-10-2024,Lisa,,0.8505773149196287
1,1,6,JU1400,300,188,21-10-2024,Lisa,,0.7235680326013131
1,1,6,JU1400,300,287,21-10-2024,Lisa,,1.10459587955626
1,1,6,JU1400,400,13,21-10-2024,Lisa,,0.05003395970115463
1,1,6,JU1400,400,85,21-10-2024,Lisa,,0.32714512112293415
1,1,6,JU1400,400,16,21-10-2024,Lisa,,0.06158025809372878
1,1,7,JU2526,0,504,21-10-2024,Rick,,1.4295619287740309
1,1,7,JU2526,0,412,21-10-2024,Rick,,1.168610148124803
1,1,7,JU2526,0,384,21-10-2024,Rick,"Fished 1 L4, count multiplied by 2",1.0891900409706903
1,1,7,JU2526,100,283,21-10-2024,Rick,,0.8027103687362118
1,1,7,JU2526,100,370,21-10-2024,Rick,,1.0494799873936338
1,1,7,JU2526,100,365,21-10-2024,Rick,,1.035297825401828
1,1,7,JU2526,200,417,21-10-2024,Rick,,1.182792310116609
1,1,7,JU2526,200,379,21-10-2024,Rick,,1.0750078789788844
1,1,7,JU2526,200,322,21-10-2024,Rick,,0.9133312322722975
1,1,7,JU2526,300,214,21-10-2024,Rick,,0.6069965332492909
1,1,7,JU2526,300,311,21-10-2024,Rick,,0.8821304758903247
1,1,7,JU2526,300,140,21-10-2024,Rick,,0.39710053577056414
1,1,7,JU2526,400,93,21-10-2024,Rick,,0.26378821304758904
1,1,7,JU2526,400,74,21-10-2024,Rick,Mold infection,0.20989599747872675
1,1,7,JU2526,400,1,21-10-2024,Rick,,0.0028364323983611725
1,1,8,JU2600,0,123,21-10-2024,Lisa,,0.265850144092219
1,1,8,JU2600,0,476,21-10-2024,Lisa,,1.0288184438040346
1,1,8,JU2600,100,929,21-10-2024,Lisa,,2.0079250720461093
1,1,8,JU2600,100,484,21-10-2024,Lisa,,1.0461095100864553
1,1,8,JU2600,100,510,21-10-2024,Lisa,"Fished 1 L4, count multiplied by 2",1.1023054755043227
1,1,8,JU2600,200,330,21-10-2024,Lisa,Mold infection,0.7132564841498559
1,1,8,JU2600,200,113,21-10-2024,Lisa,,0.24423631123919307
1,1,8,JU2600,200,597,21-10-2024,Lisa,,1.2903458213256485
1,1,8,JU2600,300,222,21-10-2024,Lisa,,0.47982708933717577
1,1,8,JU2600,300,264,21-10-2024,Lisa,,0.5706051873198847
1,1,8,JU2600,300,218,21-10-2024,Lisa,,0.4711815561959654
1,1,8,JU2600,400,78,21-10-2024,Lisa,,0.1685878962536023
1,1,8,JU2600,400,82,21-10-2024,Lisa,Mold infection,0.17723342939481268
1,1,8,JU2600,400,88,21-10-2024,Lisa,Mold infection,0.19020172910662825
1,1,9,JU310,0,438,21-10-2024,Rick,,0.9884508164078056
1,1,9,JU310,0,550,21-10-2024,Rick,"Fished 1 L4, count multiplied by 2",1.2412053630691624
1,1,9,JU310,100,212,21-10-2024,Rick,,0.47842824903756803
1,1,9,JU310,100,406,21-10-2024,Rick,,0.916235231647418
1,1,9,JU310,100,338,21-10-2024,Rick,,0.7627771140315943
1,1,9,JU310,200,331,21-10-2024,Rick,,0.7469799548652595
1,1,9,JU310,200,146,21-10-2024,Rick,,0.3294836054692685
1,1,9,JU310,300,274,21-10-2024,Rick,,0.618345944510819
1,1,9,JU310,300,162,21-10-2024,Rick,,0.3655913978494624
1,1,9,JU310,300,238,21-10-2024,Rick,,0.537103411655383
1,1,9,JU310,400,132,21-10-2024,Rick,,0.29788928713659896
1,1,9,JU310,400,220,21-10-2024,Rick,,0.49648214522766493
1,1,9,JU310,400,4,21-10-2024,Rick,Mold infection,0.009026948095048453
1,1,10,MY2147,0,543,22-10-2024,Rick,,1.1698384201077199
1,1,10,MY2147,0,495,22-10-2024,Rick,,1.0664272890484738
1,1,10,MY2147,0,590,22-10-2024,Rick,,1.2710951526032315
1,1,10,MY2147,100,455,22-10-2024,Rick,,0.9802513464991023
1,1,10,MY2147,100,554,22-10-2024,Rick,"Fished 1 L4, count multiplied by 2",1.193536804308797
1,1,10,MY2147,200,408,22-10-2024,Rick,Mold infection,0.8789946140035906
1,1,10,MY2147,300,331,22-10-2024,Rick,,0.7131059245960503
1,1,10,MY2147,300,148,22-10-2024,Rick,,0.31885098743267504
1,1,10,MY2147,300,233,22-10-2024,Rick,,0.5019748653500897
1,1,10,MY2147,400,158,22-10-2024,Rick,,0.3403949730700179
1,1,10,MY2147,400,78,22-10-2024,Rick,,0.16804308797127468
1,1,10,MY2147,400,110,22-10-2024,Rick,,0.236983842010772
1,1,11,MY2693,0,354,21-10-2024,Rick,,0.7925721058870012
1,1,11,MY2693,0,768,21-10-2024,Rick,,1.7194784670090875
1,1,11,MY2693,100,1120,21-10-2024,Rick,"Fished 1 L4, count multiplied by 2",2.5075727643882524
1,1,11,MY2693,300,237,21-10-2024,Rick,,0.5306203081785855
1,1,11,MY2693,400,208,21-10-2024,Rick,,0.46569208481496116
1,1,11,MY2693,400,135,21-10-2024,Rick,,0.30225207427894113
1,1,11,MY2693,400,148,21-10-2024,Rick,,0.3313578295798762
1,1,12,N2,0,245,21-10-2024,Lisa,,0.6048553010560965
1,1,12,N2,0,472,21-10-2024,Lisa,,1.1652722534631739
1,1,12,N2,0,490,21-10-2024,Lisa,,1.209710602112193
1,1,12,N2,100,270,21-10-2024,Lisa,,0.6665752297352902
1,1,12,N2,100,403,21-10-2024,Lisa,,0.9949252503085997
1,1,12,N2,100,418,21-10-2024,Lisa,"Fished 1 L4, count multiplied by 2",1.0319572075161159
1,1,12,N2,200,335,21-10-2024,Lisa,,0.8270470443011932
1,1,12,N2,200,358,21-10-2024,Lisa,,0.8838293786860513
1,1,12,N2,200,300,21-10-2024,Lisa,,0.7406391441503224
1,1,12,N2,300,332,21-10-2024,Lisa,,0.81964065285969
1,1,12,N2,300,118,21-10-2024,Lisa,Mold infection,0.29131806336579347
1,1,12,N2,300,242,21-10-2024,Lisa,,0.5974489096145934
1,1,12,N2,400,129,21-10-2024,Lisa,,0.3184748319846386
1,1,12,N2,400,70,21-10-2024,Lisa,Mold infection,0.17281580030174187
1,1,12,N2,400,98,21-10-2024,Lisa,Mold infection,0.24194212042243862
1,1,13,NIC2,0,876,21-10-2024,Lisa,"Fished 1 L4, count multiplied by 2",1.785705185373933
1,1,13,NIC2,100,516,21-10-2024,Lisa,"Fished 1 L4, count multiplied by 2",1.051853739329851
1,1,13,NIC2,200,358,21-10-2024,Lisa,"Fished 1 L4, count multiplied by 2",0.7297744935660594
1,1,13,NIC2,200,323,21-10-2024,Lisa,,0.6584278252006625
1,1,13,NIC2,200,400,21-10-2024,Lisa,,0.8153904956045356
1,1,13,NIC2,300,293,21-10-2024,Lisa,,0.5972735380303223
1,1,14,NIC526,0,340,22-10-2024,Rick,,0.9689677010766307
1,1,14,NIC526,0,476,22-10-2024,Rick,,1.356554781507283
1,1,14,NIC526,0,173,22-10-2024,Rick,,0.493033565547815
1,1,14,NIC526,100,372,22-10-2024,Rick,,1.0601646611779607
1,1,14,NIC526,100,204,22-10-2024,Rick,,0.5813806206459784
1,1,14,NIC526,100,240,22-10-2024,Rick,,0.6839772007599746
1,1,14,NIC526,200,340,22-10-2024,Rick,,0.9689677010766307
1,1,14,NIC526,200,304,22-10-2024,Rick,,0.8663711209626345
1,1,14,NIC526,200,188,22-10-2024,Rick,,0.5357821405953135
1,1,14,NIC526,300,140,22-10-2024,Rick,,0.3989867004433185
1,1,14,NIC526,300,209,22-10-2024,Rick,,0.5956301456618113
1,1,14,NIC526,300,182,22-10-2024,Rick,,0.5186827105763141
1,1,14,NIC526,400,74,22-10-2024,Rick,,0.21089297023432552
1,1,14,NIC526,400,67,22-10-2024,Rick,,0.19094363521215957
1,1,14,NIC526,400,122,22-10-2024,Rick,,0.3476884103863204
1,1,15,QX1794,100,584,22-10-2024,Lisa,"Fished 1 L4, count multiplied by 2",1.4049719326383319
1,1,15,QX1794,300,0,22-10-2024,Lisa,,0
1,1,16,XZ1516,200,308,22-10-2024,Lisa,,0.9675392670157069
1,1,16,XZ1516,200,271,22-10-2024,Lisa,,0.8513089005235602
1,1,16,XZ1516,200,128,22-10-2024,Lisa,,0.40209424083769635
1,1,16,XZ1516,300,74,22-10-2024,Lisa,,0.2324607329842932
1,1,16,XZ1516,300,187,22-10-2024,Lisa,,0.587434554973822
1,1,16,XZ1516,300,133,22-10-2024,Lisa,,0.4178010471204189
1,1,16,XZ1516,400,0,22-10-2024,Lisa,,0
1,2,1,CB4856,0,794,29-10-2024,Rick,,1.875129151291513
1,2,1,CB4856,0,715,29-10-2024,Rick,,1.688560885608856
1,2,1,CB4856,0,817,29-10-2024,Rick,,1.9294464944649445
1,2,1,CB4856,100,394,29-10-2024,Rick,,0.930479704797048
1,2,1,CB4856,100,520,29-10-2024,Rick,,1.2280442804428044
1,2,1,CB4856,100,421,29-10-2024,Rick,,0.9942435424354243
1,2,1,CB4856,200,206,29-10-2024,Rick,Mold infection,0.48649446494464943
1,2,1,CB4856,200,323,29-10-2024,Rick,,0.7628044280442804
1,2,1,CB4856,200,321,29-10-2024,Rick,,0.7580811808118081
1,2,1,CB4856,300,321,29-10-2024,Rick,,0.7580811808118081
1,2,1,CB4856,300,341,29-10-2024,Rick,,0.8053136531365314
1,2,1,CB4856,300,326,29-10-2024,Rick,,0.769889298892989
1,2,1,CB4856,400,232,29-10-2024,Rick,,0.5478966789667896
1,2,1,CB4856,400,284,29-10-2024,Rick,,0.6707011070110701
1,2,1,CB4856,400,177,29-10-2024,Rick,,0.4180073800738007
1,2,2,DL238,0,448,29-10-2024,Lisa,,1.2649411764705882
1,2,2,DL238,0,472,29-10-2024,Lisa,,1.3327058823529412
1,2,2,DL238,0,544,29-10-2024,Lisa,,1.5359999999999998
1,2,2,DL238,100,444,29-10-2024,Lisa,,1.2536470588235293
1,2,2,DL238,100,432,29-10-2024,Lisa,,1.2197647058823529
1,2,2,DL238,100,341,29-10-2024,Lisa,,0.9628235294117646
1,2,2,DL238,200,326,29-10-2024,Lisa,,0.920470588235294
1,2,2,DL238,200,210,29-10-2024,Lisa,,0.5929411764705882
1,2,2,DL238,200,360,29-10-2024,Lisa,,1.016470588235294
1,2,2,DL238,300,161,29-10-2024,Lisa,,0.4545882352941176
1,2,2,DL238,300,156,29-10-2024,Lisa,,0.4404705882352941
1,2,2,DL238,300,295,29-10-2024,Lisa,,0.8329411764705882
1,2,2,DL238,400,237,29-10-2024,Lisa,,0.6691764705882353
1,2,2,DL238,400,216,29-10-2024,Lisa,,0.6098823529411764
1,2,2,DL238,400,75,29-10-2024,Lisa,,0.21176470588235294
1,2,3,ECA36,0,239,29-10-2024,Rick,,1.4383149448345036
1,2,3,ECA36,0,141,29-10-2024,Rick,,0.8485456369107323
1,2,3,ECA36,0,233,29-10-2024,Rick,,1.4022066198595788
1,2,3,ECA36,100,37,29-10-2024,Rick,,0.22266800401203612
1,2,3,ECA36,100,201,29-10-2024,Rick,,1.20962888665998
1,2,3,ECA36,100,237,29-10-2024,Rick,,1.4262788365095287
1,2,3,ECA36,200,86,29-10-2024,Rick,,0.5175526579739218
1,2,3,ECA36,200,154,29-10-2024,Rick,,0.9267803410230693
1,2,3,ECA36,200,34,29-10-2024,Rick,,0.20461384152457374
1,2,3,ECA36,300,7,29-10-2024,Rick,,0.04212637913741224
1,2,3,ECA36,300,2,29-10-2024,Rick,,0.012036108324974926
1,2,3,ECA36,300,2,29-10-2024,Rick,,0.012036108324974926
1,2,3,ECA36,400,41,29-10-2024,Rick,,0.24674022066198598
1,2,3,ECA36,400,65,29-10-2024,Rick,,0.3911735205616851
1,2,3,ECA36,400,19,29-10-2024,Rick,,0.1143430290872618
1,2,4,ECA396,0,285,29-10-2024,Rick,,0.9762131303520456
1,2,4,ECA396,0,805,29-10-2024,Rick,,2.757373929590866
1,2,4,ECA396,0,274,29-10-2024,Rick,,0.938534728829686
1,2,4,ECA396,100,820,29-10-2024,Rick,,2.808753568030447
1,2,4,ECA396,100,951,29-10-2024,Rick,,3.2574690770694574
1,2,4,ECA396,100,430,29-10-2024,Rick,,1.472882968601332
1,2,4,ECA396,200,411,29-10-2024,Rick,,1.407802093244529
1,2,4,ECA396,200,355,29-10-2024,Rick,,1.2159847764034253
1,2,4,ECA396,200,336,29-10-2024,Rick,,1.1509039010466222
1,2,4,ECA396,300,264,29-10-2024,Rick,,0.9042816365366317
1,2,4,ECA396,300,272,29-10-2024,Rick,,0.9316841103710751
1,2,4,ECA396,300,107,29-10-2024,Rick,,0.3665080875356803
1,2,4,ECA396,400,187,29-10-2024,Rick,,0.6405328258801142
1,2,4,ECA396,400,46,29-10-2024,Rick,Mold infection,0.15756422454804947
1,2,4,ECA396,400,102,29-10-2024,Rick,,0.34938154138915317
1,2,5,EG4725,0,670,29-10-2024,Lisa,,1.43349578033995
1,2,5,EG4725,0,530,29-10-2024,Lisa,,1.1339593486271247
1,2,5,EG4725,0,1475,29-10-2024,Lisa,,3.155830262688696
1,2,5,EG4725,100,514,29-10-2024,Lisa,,1.0997266135742303
1,2,5,EG4725,100,550,29-10-2024,Lisa,,1.1767502674432426
1,2,5,EG4725,100,420,29-10-2024,Lisa,,0.8986092951384761
1,2,5,EG4725,200,425,29-10-2024,Lisa,,0.9093070248425056
1,2,5,EG4725,200,351,29-10-2024,Lisa,,0.7509806252228693
1,2,5,EG4725,200,226,29-10-2024,Lisa,,0.48353738262213236
1,2,5,EG4725,300,209,29-10-2024,Lisa,,0.44716510162843215
1,2,5,EG4725,300,295,29-10-2024,Lisa,,0.6311660525377392
1,2,5,EG4725,300,283,29-10-2024,Lisa,,0.6054915012480684
1,2,5,EG4725,400,6,29-10-2024,Lisa,,0.012837275644835373
1,2,5,EG4725,400,176,29-10-2024,Lisa,,0.3765600855818376
1,2,5,EG4725,400,87,29-10-2024,Lisa,,0.1861404968501129
1,2,6,JU1400,0,415,29-10-2024,Rick,,1.5972379443060902
1,2,6,JU1400,0,423,29-10-2024,Rick,,1.6280280733529546
1,2,6,JU1400,0,348,29-10-2024,Rick,,1.339370613538601
1,2,6,JU1400,100,347,29-10-2024,Rick,,1.3355218474077428
1,2,6,JU1400,100,330,29-10-2024,Rick,,1.270092823183156
1,2,6,JU1400,100,360,29-10-2024,Rick,,1.3855558071088976
1,2,6,JU1400,200,331,29-10-2024,Rick,,1.273941589314014
1,2,6,JU1400,200,397,29-10-2024,Rick,,1.5279601539506453
1,2,6,JU1400,200,319,29-10-2024,Rick,,1.2277563957437174
1,2,6,JU1400,300,205,29-10-2024,Rick,,0.7889970568258999
1,2,6,JU1400,300,163,29-10-2024,Rick,,0.6273488793298619
1,2,6,JU1400,300,210,29-10-2024,Rick,,0.8082408874801902
1,2,6,JU1400,400,81,29-10-2024,Rick,,0.31175005659950195
1,2,6,JU1400,400,3,29-10-2024,Rick,,0.011546298392574145
1,2,6,JU1400,400,19,29-10-2024,Rick,,0.07312655648630292
1,2,7,JU2526,0,282,29-10-2024,Lisa,,0.7998739363378506
1,2,7,JU2526,0,508,29-10-2024,Lisa,,1.4409076583674756
1,2,7,JU2526,0,454,29-10-2024,Lisa,,1.2877403088559722
1,2,7,JU2526,100,189,29-10-2024,Lisa,,0.5360857232902616
1,2,7,JU2526,100,289,29-10-2024,Lisa,,0.8197289631263789
1,2,7,JU2526,100,210,29-10-2024,Lisa,,0.5956508036558462
1,2,7,JU2526,200,274,29-10-2024,Lisa,,0.7771824771509612
1,2,7,JU2526,200,158,29-10-2024,Lisa,,0.4481563189410653
1,2,7,JU2526,200,284,29-10-2024,Lisa,,0.805546801134573
1,2,7,JU2526,300,126,29-10-2024,Lisa,,0.3573904821935077
1,2,7,JU2526,300,171,29-10-2024,Lisa,,0.48502994011976047
1,2,7,JU2526,300,296,29-10-2024,Lisa,,0.839583989914907
1,2,7,JU2526,400,206,29-10-2024,Lisa,,0.5843050740624015
1,2,7,JU2526,400,151,29-10-2024,Lisa,,0.42830129215253704
1,2,7,JU2526,400,206,29-10-2024,Lisa,,0.5843050740624015
1,2,8,JU2600,0,544,29-10-2024,Rick,,1.175792507204611
1,2,8,JU2600,0,691,29-10-2024,Rick,,1.4935158501440922
1,2,8,JU2600,0,667,29-10-2024,Rick,,1.44164265129683
1,2,8,JU2600,100,517,29-10-2024,Rick,,1.1174351585014408
1,2,8,JU2600,100,629,29-10-2024,Rick,,1.3595100864553313
1,2,8,JU2600,100,1021,29-10-2024,Rick,,2.206772334293948
1,2,8,JU2600,200,428,29-10-2024,Rick,,0.92507204610951
1,2,8,JU2600,200,436,29-10-2024,Rick,,0.9423631123919308
1,2,8,JU2600,200,428,29-10-2024,Rick,,0.92507204610951
1,2,8,JU2600,300,256,29-10-2024,Rick,,0.5533141210374639
1,2,8,JU2600,300,328,29-10-2024,Rick,,0.7089337175792507
1,2,8,JU2600,300,215,29-10-2024,Rick,,0.46469740634005763
1,2,8,JU2600,400,182,29-10-2024,Rick,,0.393371757925072
1,2,8,JU2600,400,160,29-10-2024,Rick,,0.34582132564841495
1,2,8,JU2600,400,229,29-10-2024,Rick,,0.4949567723342939
1,2,9,JU310,0,530,29-10-2024,Lisa,,1.1960706225939202
1,2,9,JU310,0,527,29-10-2024,Lisa,,1.1893004115226338
1,2,9,JU310,0,509,29-10-2024,Lisa,,1.1486791450949156
1,2,9,JU310,100,448,29-10-2024,Lisa,,1.0110181866454269
1,2,9,JU310,100,412,29-10-2024,Lisa,,0.9297756537899907
1,2,9,JU310,100,400,29-10-2024,Lisa,,0.9026948095048454
1,2,9,JU310,200,348,29-10-2024,Lisa,,0.7853444842692154
1,2,9,JU310,200,287,29-10-2024,Lisa,,0.6476835258197265
1,2,9,JU310,200,298,29-10-2024,Lisa,,0.6725076330811097
1,2,9,JU310,300,306,29-10-2024,Lisa,,0.6905615292712067
1,2,9,JU310,300,353,29-10-2024,Lisa,,0.796628169388026
1,2,9,JU310,300,361,29-10-2024,Lisa,,0.814682065578123
1,2,9,JU310,400,129,29-10-2024,Lisa,,0.2911190760653126
1,2,9,JU310,400,65,29-10-2024,Lisa,,0.14668790654453737
1,2,9,JU310,400,117,29-10-2024,Lisa,,0.2640382317801673
1,2,10,MY2147,0,376,29-10-2024,Lisa,,0.8100538599640933
1,2,10,MY2147,0,507,29-10-2024,Lisa,,1.0922800718132855
1,2,10,MY2147,0,538,29-10-2024,Lisa,,1.1590664272890485
1,2,10,MY2147,100,366,29-10-2024,Lisa,,0.7885098743267505
1,2,10,MY2147,100,328,29-10-2024,Lisa,,0.7066427289048474
1,2,10,MY2147,100,334,29-10-2024,Lisa,,0.7195691202872531
1,2,10,MY2147,200,418,29-10-2024,Lisa,,0.9005385996409335
1,2,10,MY2147,200,386,29-10-2024,Lisa,,0.8315978456014362
1,2,10,MY2147,200,448,29-10-2024,Lisa,,0.9651705565529622
1,2,10,MY2147,300,295,29-10-2024,Lisa,,0.6355475763016157
1,2,10,MY2147,300,235,29-10-2024,Lisa,,0.5062836624775583
1,2,10,MY2147,300,334,29-10-2024,Lisa,,0.7195691202872531
1,2,10,MY2147,400,200,29-10-2024,Lisa,,0.43087971274685816
1,2,10,MY2147,400,170,29-10-2024,Lisa,,0.36624775583482944
1,2,10,MY2147,400,166,29-10-2024,Lisa,,0.35763016157989225
1,2,11,MY2693,0,712,29-10-2024,Rick,,1.5940998287896748
1,2,11,MY2693,0,840,29-10-2024,Rick,,1.8806795732911894
1,2,11,MY2693,0,822,29-10-2024,Rick,,1.8403792967206638
1,2,11,MY2693,100,906,29-10-2024,Rick,Mold infection,2.028447254049783
1,2,11,MY2693,100,613,29-10-2024,Rick,,1.3724483076517846
1,2,11,MY2693,100,501,29-10-2024,Rick,,1.1216910312129593
1,2,11,MY2693,200,378,29-10-2024,Rick,,0.8463058079810352
1,2,11,MY2693,200,228,29-10-2024,Rick,,0.5104701698933228
1,2,11,MY2693,200,332,29-10-2024,Rick,,0.7433162123008034
1,2,11,MY2693,300,276,29-10-2024,Rick,,0.6179375740813908
1,2,11,MY2693,300,138,29-10-2024,Rick,,0.3089687870406954
1,2,11,MY2693,300,312,29-10-2024,Rick,,0.6985381272224418
1,2,11,MY2693,400,111,29-10-2024,Rick,,0.24851837218490716
1,2,11,MY2693,400,64,29-10-2024,Rick,,0.1432898722507573
1,2,11,MY2693,400,180,29-10-2024,Rick,,0.40300276570525484
1,2,12,N2,0,637,29-10-2024,Rick,,1.5726237827458511
1,2,12,N2,0,560,29-10-2024,Rick,,1.382526402413935
1,2,12,N2,0,399,29-10-2024,Rick,,0.9850500617199287
1,2,12,N2,100,420,29-10-2024,Rick,,1.0368948018104513
1,2,12,N2,100,413,29-10-2024,Rick,,1.0196132217802771
1,2,12,N2,100,445,29-10-2024,Rick,,1.0986147304896448
1,2,12,N2,200,393,29-10-2024,Rick,,0.9702372788369222
1,2,12,N2,200,344,29-10-2024,Rick,,0.849266218625703
1,2,12,N2,200,278,29-10-2024,Rick,,0.686325606912632
1,2,12,N2,300,285,29-10-2024,Rick,,0.7036071869428062
1,2,12,N2,300,132,29-10-2024,Rick,,0.32588122342614184
1,2,12,N2,300,256,29-10-2024,Rick,,0.6320120696749417
1,2,12,N2,400,117,29-10-2024,Rick,,0.2888492662186257
1,2,12,N2,400,97,29-10-2024,Rick,,0.23947332327527088
1,2,12,N2,400,105,29-10-2024,Rick,,0.25922370045261284
1,2,13,NIC2,0,721,30-10-2024,Rick,,1.4697413683271754
1,2,13,NIC2,0,752,30-10-2024,Rick,,1.532934131736527
1,2,13,NIC2,0,676,30-10-2024,Rick,,1.3780099375716652
1,2,13,NIC2,100,497,30-10-2024,Rick,,1.0131226907886355
1,2,13,NIC2,100,768,30-10-2024,Rick,,1.5655497515607084
1,2,13,NIC2,100,533,30-10-2024,Rick,,1.0865078353930437
1,2,13,NIC2,200,384,30-10-2024,Rick,,0.7827748757803542
1,2,13,NIC2,200,180,30-10-2024,Rick,,0.366925723022041
1,2,13,NIC2,200,404,30-10-2024,Rick,,0.823544400560581
1,2,13,NIC2,300,332,30-10-2024,Rick,,0.6767741113517646
1,2,13,NIC2,300,255,30-10-2024,Rick,,0.5198114409478914
1,2,13,NIC2,300,227,30-10-2024,Rick,,0.462734106255574
1,2,13,NIC2,400,206,30-10-2024,Rick,,0.41992610523633583
1,2,13,NIC2,400,202,30-10-2024,Rick,,0.4117722002802905
1,2,13,NIC2,400,102,30-10-2024,Rick,,0.20792457637915657
1,2,14,NIC526,0,223,30-10-2024,Rick,,0.6355288157061431
1,2,14,NIC526,0,545,30-10-2024,Rick,,1.5531982267257758
1,2,14,NIC526,0,536,30-10-2024,Rick,,1.5275490816972765
1,2,14,NIC526,100,470,30-10-2024,Rick,,1.3394553514882837
1,2,14,NIC526,100,402,30-10-2024,Rick,,1.1456618112729575
1,2,14,NIC526,100,398,30-10-2024,Rick,,1.1342621912602913
1,2,14,NIC526,200,226,30-10-2024,Rick,,0.6440785307156428
1,2,14,NIC526,200,234,30-10-2024,Rick,,0.6668777707409752
1,2,14,NIC526,200,258,30-10-2024,Rick,,0.7352754908169727
1,2,14,NIC526,300,164,30-10-2024,Rick,,0.467384420519316
1,2,14,NIC526,300,375,30-10-2024,Rick,,1.0687143761874602
1,2,14,NIC526,300,196,30-10-2024,Rick,,0.5585813806206459
1,2,14,NIC526,400,120,30-10-2024,Rick,,0.3419886003799873
1,2,14,NIC526,400,122,30-10-2024,Rick,,0.3476884103863204
1,2,14,NIC526,400,177,30-10-2024,Rick,,0.5044331855604813
1,2,15,QX1794,0,431,30-10-2024,Rick,,1.036888532477947
1,2,15,QX1794,0,660,30-10-2024,Rick,,1.5878107457898958
1,2,15,QX1794,0,701,30-10-2024,Rick,,1.6864474739374498
1,2,15,QX1794,100,222,30-10-2024,Rick,,0.5340817963111467
1,2,15,QX1794,100,366,30-10-2024,Rick,,0.8805132317562149
1,2,15,QX1794,100,467,30-10-2024,Rick,,1.123496391339214
1,2,15,QX1794,200,213,30-10-2024,Rick,,0.51242983159583
1,2,15,QX1794,200,197,30-10-2024,Rick,,0.47393744987971126
1,2,15,QX1794,200,5,30-10-2024,Rick,,0.012028869286287089
1,2,15,QX1794,300,374,30-10-2024,Rick,,0.8997594226142742
1,2,15,QX1794,300,83,30-10-2024,Rick,,0.19967923015236566
1,2,15,QX1794,300,283,30-10-2024,Rick,,0.6808340016038492
1,2,15,QX1794,400,94,30-10-2024,Rick,,0.22614274258219727
1,2,15,QX1794,400,108,30-10-2024,Rick,,0.2598235765838011
1,2,15,QX1794,400,176,30-10-2024,Rick,,0.4234161988773055
1,2,16,XZ1516,0,636,30-10-2024,Rick,,1.9979057591623037
1,2,16,XZ1516,0,233,30-10-2024,Rick,,0.7319371727748691
1,2,16,XZ1516,0,542,30-10-2024,Rick,,1.7026178010471205
1,2,16,XZ1516,100,413,30-10-2024,Lisa,,1.2973821989528798
1,2,16,XZ1516,100,326,30-10-2024,Lisa,,1.024083769633508
1,2,16,XZ1516,100,287,30-10-2024,Lisa,,0.9015706806282723
1,2,16,XZ1516,200,124,30-10-2024,Lisa,,0.38952879581151834
1,2,16,XZ1516,200,2,30-10-2024,Lisa,,0.0062827225130890054
1,2,16,XZ1516,200,89,30-10-2024,Lisa,,0.27958115183246074
1,2,16,XZ1516,300,157,30-10-2024,Rick,,0.49319371727748695
1,2,16,XZ1516,300,229,30-10-2024,Rick,,0.7193717277486912
1,2,16,XZ1516,300,151,30-10-2024,Rick,,0.4743455497382199
1,2,16,XZ1516,400,0,30-10-2024,Rick,,0
1,2,16,XZ1516,400,0,30-10-2024,Rick,,0
1,2,16,XZ1516,400,100,30-10-2024,Rick,,0.31413612565445026
1,3,1,CB4856,0,489,12-11-2024,Rick,,1.1548339483394834
1,3,1,CB4856,0,472,12-11-2024,Rick,,1.1146863468634687
1,3,1,CB4856,0,461,12-11-2024,Rick,,1.088708487084871
1,3,1,CB4856,100,485,12-11-2024,Rick,,1.1453874538745388
1,3,1,CB4856,100,413,12-11-2024,Rick,,0.975350553505535
1,3,1,CB4856,100,258,12-11-2024,Rick,,0.6092988929889299
1,3,1,CB4856,200,399,12-11-2024,Rick,,0.9422878228782288
1,3,1,CB4856,200,312,12-11-2024,Rick,,0.7368265682656826
1,3,1,CB4856,200,470,12-11-2024,Rick,,1.1099630996309964
1,3,1,CB4856,300,317,12-11-2024,Rick,,0.7486346863468635
1,3,1,CB4856,300,258,12-11-2024,Rick,,0.6092988929889299
1,3,1,CB4856,300,242,12-11-2024,Rick,,0.5715129151291513
1,3,1,CB4856,400,311,12-11-2024,Rick,,0.7344649446494464
1,3,1,CB4856,400,211,12-11-2024,Rick,,0.49830258302583025
1,3,1,CB4856,400,285,12-11-2024,Rick,,0.6730627306273063
1,3,2,DL238,0,489,12-11-2024,Rick,,1.380705882352941
1,3,2,DL238,0,439,12-11-2024,Rick,,1.2395294117647058
1,3,2,DL238,0,371,12-11-2024,Rick,,1.0475294117647058
1,3,2,DL238,100,349,12-11-2024,Rick,,0.9854117647058823
1,3,2,DL238,100,416,12-11-2024,Rick,,1.1745882352941175
1,3,2,DL238,100,413,12-11-2024,Rick,,1.1661176470588235
1,3,2,DL238,200,412,12-11-2024,Rick,,1.1632941176470588
1,3,2,DL238,200,233,12-11-2024,Rick,,0.6578823529411765
1,3,2,DL238,200,227,12-11-2024,Rick,,0.6409411764705882
1,3,2,DL238,300,78,12-11-2024,Rick,,0.22023529411764706
1,3,2,DL238,300,334,12-11-2024,Rick,,0.9430588235294117
1,3,2,DL238,300,174,12-11-2024,Rick,,0.49129411764705877
1,3,2,DL238,400,275,12-11-2024,Rick,,0.776470588235294
1,3,2,DL238,400,183,12-11-2024,Rick,,0.5167058823529411
1,3,2,DL238,400,205,12-11-2024,Rick,,0.5788235294117646
1,3,3,ECA36,0,136,12-11-2024,Rick,,0.818455366098295
1,3,3,ECA36,0,140,12-11-2024,Rick,,0.8425275827482448
1,3,3,ECA36,0,364,12-11-2024,Rick,,2.1905717151454365
1,3,3,ECA36,100,51,12-11-2024,Rick,,0.3069207622868606
1,3,3,ECA36,100,74,12-11-2024,Rick,,0.44533600802407225
1,3,3,ECA36,100,49,12-11-2024,Rick,,0.2948846539618857
1,3,3,ECA36,200,2,12-11-2024,Rick,,0.012036108324974926
1,3,3,ECA36,200,2,12-11-2024,Rick,,0.012036108324974926
1,3,3,ECA36,200,2,12-11-2024,Rick,,0.012036108324974926
1,3,3,ECA36,300,82,12-11-2024,Rick,,0.49348044132397195
1,3,3,ECA36,300,2,12-11-2024,Rick,,0.012036108324974926
1,3,3,ECA36,300,2,12-11-2024,Rick,,0.012036108324974926
1,3,3,ECA36,400,9,12-11-2024,Rick,,0.054162487462387165
1,3,3,ECA36,400,89,12-11-2024,Rick,,0.5356068204613842
1,3,3,ECA36,400,2,12-11-2024,Rick,,0.012036108324974926
1,3,4,ECA396,0,335,12-11-2024,Rick,,1.1474785918173167
1,3,4,ECA396,0,285,12-11-2024,Rick,,0.9762131303520456
1,3,4,ECA396,0,397,12-11-2024,Rick,,1.359847764034253
1,3,4,ECA396,100,344,12-11-2024,Rick,,1.1783063748810656
1,3,4,ECA396,100,477,12-11-2024,Rick,,1.6338725023786869
1,3,4,ECA396,100,408,12-11-2024,Rick,,1.3975261655566127
1,3,4,ECA396,200,343,12-11-2024,Rick,,1.17488106565176
1,3,4,ECA396,200,337,12-11-2024,Rick,,1.1543292102759277
1,3,4,ECA396,200,292,12-11-2024,Rick,,1.0001902949571837
1,3,4,ECA396,300,275,12-11-2024,Rick,,0.9419600380589914
1,3,4,ECA396,300,223,12-11-2024,Rick,,0.7638439581351094
1,3,4,ECA396,300,258,12-11-2024,Rick,,0.8837297811607993
1,3,4,ECA396,400,169,12-11-2024,Rick,,0.5788772597526165
1,3,4,ECA396,400,222,12-11-2024,Rick,,0.760418648905804
1,3,4,ECA396,400,226,12-11-2024,Rick,,0.7741198858230257
1,3,5,EG4725,0,628,12-11-2024,Rick,,1.3436348508261025
1,3,5,EG4725,0,662,12-11-2024,Rick,,1.4163794128135028
1,3,5,EG4725,0,548,12-11-2024,Rick,,1.1724711755616308
1,3,5,EG4725,100,186,12-11-2024,Rick,,0.39795554498989655
1,3,5,EG4725,100,370,12-11-2024,Rick,,0.7916319980981813
1,3,5,EG4725,100,386,12-11-2024,Rick,,0.8258647331510757
1,3,5,EG4725,200,341,12-11-2024,Rick,,0.7295851658148104
1,3,5,EG4725,200,387,12-11-2024,Rick,,0.8280042790918816
1,3,5,EG4725,200,340,12-11-2024,Rick,,0.7274456198740045
1,3,5,EG4725,300,275,12-11-2024,Rick,,0.5883751337216213
1,3,5,EG4725,300,241,12-11-2024,Rick,,0.5156305717342208
1,3,5,EG4725,300,265,12-11-2024,Rick,,0.5669796743135623
1,3,5,EG4725,400,108,12-11-2024,Rick,,0.23107096160703672
1,3,5,EG4725,400,225,12-11-2024,Rick,,0.4813978366813265
1,3,5,EG4725,400,207,12-11-2024,Rick,,0.44288600974682035
1,3,6,JU1400,0,409,12-11-2024,Rick,,1.574145347520942
1,3,6,JU1400,0,380,12-11-2024,Rick,,1.4625311297260584
1,3,6,JU1400,0,416,12-11-2024,Rick,,1.6010867104369482
1,3,6,JU1400,100,352,12-11-2024,Rick,,1.3547656780620332
1,3,6,JU1400,100,263,12-11-2024,Rick,,1.0122254924156668
1,3,6,JU1400,100,330,12-11-2024,Rick,,1.270092823183156
1,3,6,JU1400,200,360,12-11-2024,Rick,,1.3855558071088976
1,3,6,JU1400,200,317,12-11-2024,Rick,,1.2200588634820013
1,3,6,JU1400,200,329,12-11-2024,Rick,,1.266244057052298
1,3,6,JU1400,300,278,12-11-2024,Rick,,1.0699569843785375
1,3,6,JU1400,300,268,12-11-2024,Rick,,1.031469323069957
1,3,6,JU1400,300,180,12-11-2024,Rick,,0.6927779035544488
1,3,6,JU1400,400,21,12-11-2024,Rick,,0.08082408874801902
1,3,6,JU1400,400,63,12-11-2024,Rick,,0.24247226624405707
1,3,6,JU1400,400,41,12-11-2024,Rick,,0.15779941136518
1,3,7,JU2526,0,482,12-11-2024,Rick,,1.3671604160100852
1,3,7,JU2526,0,491,12-11-2024,Rick,,1.3926883075953358
1,3,7,JU2526,0,409,12-11-2024,Rick,,1.1601008509297195
1,3,7,JU2526,100,219,12-11-2024,Rick,,0.6211786952410968
1,3,7,JU2526,100,249,12-11-2024,Rick,,0.7062716671919319
1,3,7,JU2526,100,357,12-11-2024,Rick,,1.0126063662149385
1,3,7,JU2526,200,372,12-11-2024,Rick,,1.0551528521903561
1,3,7,JU2526,200,264,12-11-2024,Rick,,0.7488181531673496
1,3,7,JU2526,200,349,12-11-2024,Rick,,0.9899149070280492
1,3,7,JU2526,300,256,12-11-2024,Rick,,0.7261266939804601
1,3,7,JU2526,300,114,12-11-2024,Rick,,0.32335329341317365
1,3,7,JU2526,300,152,12-11-2024,Rick,,0.4311377245508982
1,3,7,JU2526,400,63,12-11-2024,Rick,,0.17869524109675386
1,3,7,JU2526,400,144,12-11-2024,Rick,,0.40844626536400885
1,3,7,JU2526,400,32,12-11-2024,Rick,,0.09076583674755752
1,3,8,JU2600,0,744,12-11-2024,Rick,,1.6080691642651297
1,3,8,JU2600,0,781,12-11-2024,Rick,,1.6880403458213256
1,3,8,JU2600,0,563,12-11-2024,Rick,,1.2168587896253602
1,3,8,JU2600,100,735,12-11-2024,Rick,,1.5886167146974062
1,3,8,JU2600,100,485,12-11-2024,Rick,,1.048270893371758
1,3,8,JU2600,100,705,12-11-2024,Rick,,1.5237752161383284
1,3,8,JU2600,200,441,12-11-2024,Rick,,0.9531700288184438
1,3,8,JU2600,200,433,12-11-2024,Rick,,0.935878962536023
1,3,8,JU2600,200,405,12-11-2024,Rick,,0.8753602305475504
1,3,8,JU2600,300,381,12-11-2024,Rick,,0.8234870317002881
1,3,8,JU2600,300,164,12-11-2024,Rick,,0.35446685878962536
1,3,8,JU2600,300,325,12-11-2024,Rick,,0.7024495677233429
1,3,8,JU2600,400,291,12-11-2024,Rick,,0.6289625360230547
1,3,8,JU2600,400,262,12-11-2024,Rick,,0.5662824207492795
1,3,8,JU2600,400,246,12-11-2024,Rick,,0.531700288184438
1,3,9,JU310,0,554,13-11-2024,Rick,,1.2502323111642109
1,3,9,JU310,0,468,13-11-2024,Rick,,1.056152927120669
1,3,9,JU310,0,685,13-11-2024,Rick,,1.5458648612770476
1,3,9,JU310,100,608,13-11-2024,Rick,,1.372096110447365
1,3,9,JU310,100,390,13-11-2024,Rick,,0.8801274392672243
1,3,9,JU310,100,459,13-11-2024,Rick,,1.03584229390681
1,3,9,JU310,200,256,13-11-2024,Rick,,0.577724678083101
1,3,9,JU310,200,399,13-11-2024,Rick,,0.9004380724810832
1,3,9,JU310,200,282,13-11-2024,Rick,,0.6363998407009159
1,3,9,JU310,300,307,13-11-2024,Rick,,0.6928182662949688
1,3,9,JU310,300,335,13-11-2024,Rick,,0.7560069029603079
1,3,9,JU310,300,325,13-11-2024,Rick,,0.7334395327226868
1,3,9,JU310,400,255,13-11-2024,Rick,,0.57546794105933885
1,3,9,JU310,400,281,13-11-2024,Rick,,0.6341431036771539
1,3,9,JU310,400,193,13-11-2024,Rick,,0.43555024558608785
1,3,10,MY2147,0,705,13-11-2024,Joost,,1.518850987432675
1,3,10,MY2147,0,966,13-11-2024,Joost,,2.081149012567325
1,3,10,MY2147,0,577,13-11-2024,Joost,,1.2430879712746858
1,3,10,MY2147,100,703,13-11-2024,Joost,,1.5145421903052063
1,3,10,MY2147,100,1024,13-11-2024,Joost,,2.2061041292639136
1,3,10,MY2147,100,701,13-11-2024,Joost,,1.5102333931777379
1,3,10,MY2147,200,357,13-11-2024,Joost,,0.7691202872531419
1,3,10,MY2147,200,255,13-11-2024,Joost,,0.5493716337522442
1,3,10,MY2147,200,447,13-11-2024,Joost,,0.963016157989228
1,3,10,MY2147,300,273,13-11-2024,Joost,,0.5881508078994614
1,3,10,MY2147,300,260,13-11-2024,Joost,,0.5601436265709155
1,3,10,MY2147,300,275,13-11-2024,Joost,,0.59245960502693
1,3,10,MY2147,400,304,13-11-2024,Joost,,0.6549371633752243
1,3,10,MY2147,400,272,13-11-2024,Joost,,0.585996409335727
1,3,10,MY2147,400,250,13-11-2024,Joost,,0.5385996409335727
1,3,11,MY2693,0,495,13-11-2024,Rick,,1.1082576056894509
1,3,11,MY2693,0,527,13-11-2024,Rick,,1.1799025418148295
1,3,11,MY2693,0,422,13-11-2024,Rick,,0.9448175951534309
1,3,11,MY2693,100,437,13-11-2024,Rick,,0.978401158962202
1,3,11,MY2693,100,233,13-11-2024,Rick,,0.5216646911629133
1,3,11,MY2693,100,463,13-11-2024,Rick,,1.0366126695640723
1,3,11,MY2693,200,394,13-11-2024,Rick,,0.8821282760437246
1,3,11,MY2693,200,318,13-11-2024,Rick,,0.7119715527459503
1,3,11,MY2693,200,349,13-11-2024,Rick,,0.7813775846174108
1,3,11,MY2693,300,149,13-11-2024,Rick,,0.3335967338337943
1,3,11,MY2693,300,295,13-11-2024,Rick,,0.6604767549058344
1,3,11,MY2693,300,235,13-11-2024,Rick,,0.5261424996707494
1,3,11,MY2693,400,143,13-11-2024,Rick,,0.3201633083102858
1,3,11,MY2693,400,88,13-11-2024,Rick,,0.19702357434479126
1,3,11,MY2693,400,19,13-11-2024,Rick,,0.04253918082444357
1,3,12,N2,0,458,13-11-2024,Rick,,1.1307090934028254
1,3,12,N2,0,570,13-11-2024,Rick,,1.4072143738856124
1,3,12,N2,0,517,13-11-2024,Rick,,1.2763681250857222
1,3,12,N2,100,557,13-11-2024,Rick,,1.3751200109724317
1,3,12,N2,100,523,13-11-2024,Rick,,1.2911809079687286
1,3,12,N2,100,420,13-11-2024,Rick,,1.0368948018104513
1,3,12,N2,200,446,13-11-2024,Rick,,1.1010835276368125
1,3,12,N2,200,259,13-11-2024,Rick,,0.639418461116445
1,3,12,N2,200,276,13-11-2024,Rick,,0.6813880126182965
1,3,12,N2,300,237,13-11-2024,Rick,,0.5851049238787547
1,3,12,N2,300,236,13-11-2024,Rick,,0.5826361267315869
1,3,12,N2,300,252,13-11-2024,Rick,,0.6221368810862707
1,3,12,N2,400,74,13-11-2024,Rick,,0.18269098889041285
1,3,12,N2,400,109,13-11-2024,Rick,,0.26909888904128376
1,3,12,N2,400,91,13-11-2024,Rick,,0.22466054039226444
1,3,13,NIC2,0,521,13-11-2024,Rick,,1.0620461205249077
1,3,13,NIC2,0,533,13-11-2024,Rick,,1.0865078353930437
1,3,13,NIC2,0,538,13-11-2024,Rick,,1.0967002165881004
1,3,13,NIC2,100,535,13-11-2024,Rick,,1.0905847878710664
1,3,13,NIC2,100,499,13-11-2024,Rick,,1.0171996432666581
1,3,13,NIC2,100,490,13-11-2024,Rick,,0.9988533571155561
1,3,13,NIC2,200,393,13-11-2024,Rick,,0.8011211619314562
1,3,13,NIC2,200,222,13-11-2024,Rick,,0.45254172506051726
1,3,13,NIC2,200,410,13-11-2024,Rick,,0.835775257994649
1,3,13,NIC2,300,302,13-11-2024,Rick,,0.6156198241814244
1,3,13,NIC2,300,347,13-11-2024,Rick,,0.7073512549369346
1,3,13,NIC2,300,361,13-11-2024,Rick,,0.7358899222830934
1,3,13,NIC2,400,192,13-11-2024,Rick,,0.3913874378901771
1,3,13,NIC2,400,174,13-11-2024,Rick,,0.354694865587973
1,3,13,NIC2,400,157,13-11-2024,Rick,,0.3200407695247802
1,3,14,NIC526,0,454,13-11-2024,Rick,,1.2938568714376186
1,3,14,NIC526,0,456,13-11-2024,Rick,,1.2995566814439519
1,3,14,NIC526,0,557,13-11-2024,Rick,,1.5873970867637743
1,3,14,NIC526,100,387,13-11-2024,Rick,,1.102913236225459
1,3,14,NIC526,100,458,13-11-2024,Rick,,1.3052564914502849
1,3,14,NIC526,100,426,13-11-2024,Rick,,1.214059531348955
1,3,14,NIC526,200,374,13-11-2024,Rick,,1.0658644711842937
1,3,14,NIC526,200,336,13-11-2024,Rick,,0.9575680810639645
1,3,14,NIC526,200,180,13-11-2024,Rick,,0.512982900569981
1,3,14,NIC526,300,127,13-11-2024,Rick,,0.36193793540215324
1,3,14,NIC526,300,270,13-11-2024,Rick,,0.7694743508549714
1,3,14,NIC526,300,299,13-11-2024,Rick,,0.8521215959468017
1,3,14,NIC526,400,241,13-11-2024,Rick,,0.6868271057631412
1,3,14,NIC526,400,262,13-11-2024,Rick,,0.746675110829639
1,3,14,NIC526,400,213,13-11-2024,Rick,,0.6070297656744775
1,3,15,QX1794,0,570,13-11-2024,Joost,,1.3712910986367282
1,3,15,QX1794,0,380,13-11-2024,Joost,,0.9141940657578187
1,3,15,QX1794,0,470,13-11-2024,Joost,,1.1307137129109863
1,3,15,QX1794,100,556,13-11-2024,Joost,,1.3376102646351242
1,3,15,QX1794,100,496,13-11-2024,Joost,,1.1932638331996792
1,3,15,QX1794,100,501,13-11-2024,Joost,,1.2052927024859663
1,3,15,QX1794,200,403,13-11-2024,Joost,,0.9695268644747393
1,3,15,QX1794,200,206,13-11-2024,Joost,,0.49558941459502803
1,3,15,QX1794,200,379,13-11-2024,Joost,,0.9117882919005613
1,3,15,QX1794,300,184,13-11-2024,Joost,,0.44266238973536487
1,3,15,QX1794,300,158,13-11-2024,Joost,,0.380112269446672
1,3,15,QX1794,300,185,13-11-2024,Joost,,0.44506816359262225
1,3,15,QX1794,400,226,13-11-2024,Joost,,0.5437048917401764
1,3,15,QX1794,400,188,13-11-2024,Joost,,0.45228548516439454
1,3,15,QX1794,400,160,13-11-2024,Joost,,0.38492381716118684
1,3,16,XZ1516,0,482,13-11-2024,Joost,,1.5141361256544503
1,3,16,XZ1516,0,540,13-11-2024,Joost,,1.6963350785340314
1,3,16,XZ1516,0,473,13-11-2024,Joost,,1.48586387434555
1,3,16,XZ1516,100,433,13-11-2024,Joost,,1.3602094240837697
1,3,16,XZ1516,100,467,13-11-2024,Joost,,1.4670157068062828
1,3,16,XZ1516,100,363,13-11-2024,Joost,,1.1403141361256546
1,3,16,XZ1516,200,231,13-11-2024,Joost,,0.7256544502617801
1,3,16,XZ1516,200,365,13-11-2024,Joost,,1.1465968586387436
1,3,16,XZ1516,200,346,13-11-2024,Joost,,1.086910994764398
1,3,16,XZ1516,300,37,13-11-2024,Joost,,0.1162303664921466
1,3,16,XZ1516,300,192,13-11-2024,Joost,,0.6031413612565445
1,3,16,XZ1516,300,119,13-11-2024,Joost,,0.3738219895287958
1,3,16,XZ1516,400,36,13-11-2024,Joost,,0.1130890052356021
1,3,16,XZ1516,400,2,13-11-2024,Joost,,0.0062827225130890054
1,3,16,XZ1516,400,2,13-11-2024,Joost,,0.0062827225130890054
2,4,1,CB4856,0,293,20210308,Marijke,,0.6919557195571956
2,4,1,CB4856,0,162,20210308,Marijke,,0.3825830258302583
2,4,1,CB4856,0,179,20210308,Marijke,,0.4227306273062731
2,4,1,CB4856,100,179,20210308,Marijke,,0.4227306273062731
2,4,1,CB4856,100,264,20210308,Marijke,,0.6234686346863468
2,4,1,CB4856,200,154,20210308,Marijke,,0.363690036900369
2,4,1,CB4856,300,63,20210308,Marijke,,0.14878228782287822
2,4,1,CB4856,300,92,20210308,Marijke,,0.21726937269372693
2,4,1,CB4856,300,88,20210308,Marijke,,0.2078228782287823
2,4,1,CB4856,400,91,20210308,Marijke,,0.21490774907749077
2,4,1,CB4856,400,43,20210308,Marijke,,0.10154981549815498
2,4,1,CB4856,400,29,20210308,Marijke,,0.0684870848708487
2,4,2,DL238,0,264,20210308,Marijke,,0.7454117647058823
2,4,2,DL238,0,193,20210308,Marijke,,0.5449411764705882
2,4,2,DL238,0,268,20210308,Marijke,,0.7567058823529411
2,4,2,DL238,100,213,20210308,Marijke,,0.6014117647058823
2,4,2,DL238,100,148,20210308,Marijke,,0.4178823529411764
2,4,2,DL238,100,162,20210308,Marijke,,0.45741176470588235
2,4,2,DL238,200,124,20210308,Marijke,,0.35011764705882353
2,4,2,DL238,200,291,20210308,Marijke,,0.8216470588235294
2,4,2,DL238,200,251,20210308,Marijke,,0.7087058823529412
2,4,2,DL238,300,70,20210308,Marijke,,0.1976470588235294
2,4,2,DL238,300,21,20210308,Marijke,,0.059294117647058824
2,4,2,DL238,300,243,20210308,Marijke,,0.6861176470588235
2,4,2,DL238,400,66,20210308,Marijke,,0.18635294117647058
2,4,2,DL238,400,23,20210308,Marijke,,0.06494117647058824
2,4,2,DL238,400,19,20210308,Marijke,,0.05364705882352941
2,4,3,ECA36,0,3,20210308,Mark,,0.01805416248746239
2,4,3,ECA36,0,129,20210308,Mark,,0.7763289869608827
2,4,3,ECA36,0,26,20210308,Mark,,0.15646940822467403
2,4,3,ECA36,100,2,20210308,Mark,,0.012036108324974926
2,4,3,ECA36,100,4,20210308,Mark,,0.02407221664994985
2,4,3,ECA36,100,2,20210308,Mark,,0.012036108324974926
2,4,3,ECA36,200,54,20210308,Marijke,,0.324974924774323
2,4,3,ECA36,200,39,20210308,Marijke,,0.23470411233701105
2,4,3,ECA36,200,77,20210308,Marijke,,0.46339017051153464
2,4,3,ECA36,300,6,20210308,Marijke,,0.03610832497492478
2,4,3,ECA36,300,23,20210308,Marijke,,0.13841524573721165
2,4,3,ECA36,300,2,20210308,Marijke,,0.012036108324974926
2,4,3,ECA36,400,2,20210308,Marijke,,0.012036108324974926
2,4,3,ECA36,400,3,20210308,Marijke,,0.01805416248746239
2,4,3,ECA36,400,2,20210308,Marijke,,0.012036108324974926
2,4,4,ECA396,0,59,20210308,Marijke,,0.20209324452901997
2,4,4,ECA396,0,133,20210308,Marijke,,0.4555661274976213
2,4,4,ECA396,0,210,20210308,Marijke,,0.7193149381541389
2,4,4,ECA396,100,210,20210308,Marijke,,0.7193149381541389
2,4,4,ECA396,100,250,20210308,Marijke,,0.8563273073263559
2,4,4,ECA396,100,122,20210308,Marijke,,0.41788772597526164
2,4,4,ECA396,200,98,20210308,Marijke,,0.3356803044719315
2,4,4,ECA396,200,167,20210308,Marijke,,0.5720266412940057
2,4,4,ECA396,200,136,20210308,Marijke,,0.46584205518553756
2,4,4,ECA396,300,54,20210308,Marijke,,0.18496669838249286
2,4,4,ECA396,300,50,20210308,Marijke,,0.17126546146527116
2,4,4,ECA396,300,44,20210308,Marijke,,0.15071360608943862
2,4,4,ECA396,400,32,20210308,Marijke,,0.10960989533777354
2,4,4,ECA396,400,15,20210308,Marijke,,0.05137963843958135
2,4,4,ECA396,400,18,20210308,Marijke,,0.06165556612749762
2,4,5,EG4725,0,304,20210308,Marijke,,0.6504219660049922
2,4,5,EG4725,0,313,20210308,Marijke,,0.6696778794722453
2,4,5,EG4725,0,464,20210308,Marijke,,0.9927493165339355
2,4,5,EG4725,100,268,20210308,Marijke,,0.57339831213598
2,4,5,EG4725,100,296,20210308,Marijke,,0.6333055984785451
2,4,5,EG4725,100,100,20210308,Marijke,,0.21395459408058956
2,4,5,EG4725,200,254,20210308,Marijke,,0.5434446689646975
2,4,5,EG4725,200,80,20210308,Marijke,,0.17116367526447165
2,4,5,EG4725,200,196,20210308,Marijke,,0.41935100439795553
2,4,5,EG4725,300,134,20210308,Marijke,,0.28669915606799
2,4,5,EG4725,300,241,20210308,Marijke,,0.5156305717342208
2,4,5,EG4725,300,64,20210308,Marijke,,0.1369309402115773
2,4,5,EG4725,400,9,20210308,Marijke,,0.01925591346725306
2,4,5,EG4725,400,20,20210308,Marijke,,0.042790918816117914
2,4,5,EG4725,400,2,20210308,Marijke,,0.004279091881611791
2,4,6,JU1400,0,107,20210308,Marijke,,0.4118179760018112
2,4,6,JU1400,0,211,20210308,Marijke,,0.8120896536110482
2,4,6,JU1400,100,145,20210308,Marijke,,0.558071088974417
2,4,6,JU1400,100,210,20210308,Marijke,,0.8082408874801902
2,4,6,JU1400,100,136,20210308,Marijke,,0.5234321937966946
2,4,6,JU1400,200,94,20210308,Marijke,,0.36178401630065654
2,4,6,JU1400,300,1,20210308,Marijke,,0.0038487661308580488
2,4,6,JU1400,300,2,20210308,Marijke,,0.0076975322617160976
2,4,6,JU1400,300,61,20210308,Marijke,,0.23477473398234097
2,4,6,JU1400,400,1,20210308,Marijke,,0.0038487661308580488
2,4,6,JU1400,400,1,20210308,Marijke,,0.0038487661308580488
2,4,6,JU1400,400,34,20210308,Marijke,,0.13085804844917365
2,4,7,JU2526,0,289,20210308,Marijke,,0.8197289631263789
2,4,7,JU2526,0,197,20210308,Marijke,,0.558777182477151
2,4,7,JU2526,0,310,20210308,Marijke,,0.8792940434919635
2,4,7,JU2526,100,180,20210308,Marijke,,0.510557831705011
2,4,7,JU2526,100,124,20210308,Marijke,,0.35171761739678536
2,4,7,JU2526,100,221,20210308,Marijke,,0.6268515600378192
2,4,7,JU2526,200,198,20210308,Marijke,,0.5616136148755122
2,4,7,JU2526,200,1,20210308,Marijke,,0.0028364323983611725
2,4,7,JU2526,200,87,20210308,Marijke,,0.246769618657422
2,4,7,JU2526,300,85,20210308,Marijke,,0.24109675386069968
2,4,7,JU2526,300,86,20210308,Marijke,,0.24393318625906082
2,4,7,JU2526,300,144,20210308,Marijke,,0.40844626536400885
2,4,7,JU2526,400,49,20210308,Marijke,,0.13898518751969746
2,4,7,JU2526,400,67,20210308,Marijke,,0.19004097069019857
2,4,7,JU2526,400,2,20210308,Marijke,,0.005672864796722345
2,4,8,JU2600,0,357,20210308,Marijke,,0.7716138328530259
2,4,8,JU2600,100,159,20210308,Marijke,,0.34365994236311237
2,4,8,JU2600,100,333,20210308,Marijke,,0.7197406340057637
2,4,8,JU2600,100,211,20210308,Marijke,,0.45605187319884727
2,4,8,JU2600,200,107,20210308,Marijke,,0.2312680115273775
2,4,8,JU2600,200,177,20210308,Marijke,,0.38256484149855907
2,4,8,JU2600,300,21,20210308,Marijke,,0.045389048991354465
2,4,8,JU2600,300,0,20210308,Marijke,,0
2,4,8,JU2600,300,13,20210308,Marijke,,0.028097982708933718
2,4,8,JU2600,400,0,20210308,Marijke,  ,0
2,4,8,JU2600,400,28,20210308,Marijke,  ,0.06051873198847262
2,4,8,JU2600,400,1,20210308,Marijke,  ,0.0021613832853025934
2,4,9,JU310,0,290,20210308,Marijke,,0.6544537368910128
2,4,9,JU310,0,317,20210308,Marijke,,0.7153856365325899
2,4,9,JU310,0,276,20210308,Marijke,,0.6228594185583433
2,4,9,JU310,100,362,20210308,Marijke,,0.816938802601885
2,4,9,JU310,100,331,20210308,Marijke,,0.7469799548652595
2,4,9,JU310,100,318,20210308,Marijke,,0.7176423735563521
2,4,9,JU310,200,278,20210308,Marijke,,0.6273728926058675
2,4,9,JU310,200,349,20210308,Marijke,,0.7876012212929776
2,4,9,JU310,200,231,20210308,Marijke,,0.5213062524890482
2,4,9,JU310,300,100,20210308,Marijke,,0.22567370237621134
2,4,9,JU310,300,117,20210308,Marijke,,0.2640382317801673
2,4,9,JU310,300,28,20210308,Marijke,,0.06318863666533918
2,4,9,JU310,400,13,20210308,Marijke,,0.029337581308907474
2,4,9,JU310,400,2,20210308,Marijke,,0.004513474047524227
2,4,9,JU310,400,24,20210308,Marijke,,0.05416168857029072
2,4,10,MY2147,0,168,20210308,Marijke,,0.36193895870736087
2,4,10,MY2147,0,346,20210308,Marijke,,0.7454219030520646
2,4,10,MY2147,0,306,20210308,Marijke,,0.659245960502693
2,4,10,MY2147,100,165,20210308,Marijke,,0.35547576301615796
2,4,10,MY2147,100,334,20210308,Marijke,,0.7195691202872531
2,4,10,MY2147,100,171,20210308,Marijke,,0.3684021543985637
2,4,10,MY2147,200,300,20210308,Mark,,0.6463195691202872
2,4,10,MY2147,200,426,20210308,Mark,,0.9177737881508079
2,4,10,MY2147,200,200,20210308,Mark,,0.43087971274685816
2,4,10,MY2147,300,249,20210308,Mark,,0.5364452423698384
2,4,10,MY2147,300,213,20210308,Mark,,0.45888689407540395
2,4,10,MY2147,300,180,20210308,Mark,,0.3877917414721723
2,4,10,MY2147,400,2,20210308,Mark,,0.004308797127468581
2,4,10,MY2147,400,77,20210308,Mark,,0.1658886894075404
2,4,10,MY2147,400,25,20210308,Mark,,0.05385996409335727
2,4,11,MY2693,0,288,20210308,Mark,many males,0.6448044251284077
2,4,11,MY2693,0,335,20210308,Mark,many males,0.7500329250625577
2,4,11,MY2693,0,233,20210308,Mark,many males,0.5216646911629133
2,4,11,MY2693,100,445,20210315,Mark,,0.9963123929935467
2,4,11,MY2693,100,213,20210315,Mark,,0.4768866060845516
2,4,11,MY2693,100,211,20210315,Mark,,0.47240879757671544
2,4,11,MY2693,200,105,20210308,Marijke,,0.23508494666139867
2,4,11,MY2693,200,110,20210308,Marijke,,0.2462794679309891
2,4,11,MY2693,200,139,20210308,Marijke,,0.31120769129461345
2,4,11,MY2693,300,113,20210308,Marijke,,0.2529961806927433
2,4,11,MY2693,300,1,20210308,Marijke,,0.0022389042539180826
2,4,11,MY2693,300,138,20210308,Marijke,,0.3089687870406954
2,4,11,MY2693,400,2,20210308,Marijke,,0.004477808507836165
2,4,11,MY2693,400,2,20210308,Marijke,,0.004477808507836165
2,4,11,MY2693,400,2,20210308,Marijke,,0.004477808507836165
2,4,12,N2,0,118,20210308,Marijke,,0.29131806336579347
2,4,12,N2,0,354,20210308,Marijke,,0.8739541900973804
2,4,12,N2,0,316,20210308,Marijke,,0.7801398985050062
2,4,12,N2,100,282,20210308,Marijke,,0.696200795501303
2,4,12,N2,100,276,20210308,Marijke,,0.6813880126182965
2,4,12,N2,100,176,20210308,Marijke,,0.43450829790152246
2,4,12,N2,200,194,20210308,Marijke,,0.47894664655054175
2,4,12,N2,200,162,20210308,Marijke,,0.3999451378411741
2,4,12,N2,200,342,20210308,Marijke,,0.8443286243313675
2,4,12,N2,300,234,20210308,Marijke,,0.5776985324372514
2,4,12,N2,300,131,20210308,Marijke,,0.3234124262789741
2,4,12,N2,300,100,20210308,Marijke,,0.2468797147167741
2,4,12,N2,400,95,20210308,Marijke,,0.23453572898093542
2,4,12,N2,400,121,20210308,Marijke,,0.2987244548072967
2,4,12,N2,400,68,20210308,Marijke,,0.16787820600740638
2,4,13,NIC2,0,280,20210308,Marijke,,0.5707733469231749
2,4,13,NIC2,0,403,20210308,Marijke,,0.8215059243215697
2,4,13,NIC2,0,409,20210308,Marijke,,0.8337367817556377
2,4,13,NIC2,100,83,20210308,Marijke,,0.16919352783794114
2,4,13,NIC2,100,429,20210308,Marijke,,0.8745063065358645
2,4,13,NIC2,100,151,20210308,Marijke,,0.3078099120907122
2,4,13,NIC2,200,491,20210308,Mark,,1.0008918333545676
2,4,13,NIC2,200,66,20210308,Mark,,0.13453943177474836
2,4,13,NIC2,200,366,20210308,Mark,,0.7460823034781501
2,4,13,NIC2,300,80,20210308,Marijke,,0.16307809912090712
2,4,13,NIC2,300,256,20210308,Marijke,,0.5218499171869028
2,4,13,NIC2,300,34,20210308,Marijke,,0.06930819212638553
2,4,13,NIC2,400,101,20210308,Marijke,,0.20588610014014525
2,4,13,NIC2,400,67,20210308,Marijke,,0.1365779080137597
2,4,13,NIC2,400,103,20210308,Marijke,,0.20996305261816792
2,4,14,NIC526,0,241,20210308,Marijke,,0.6868271057631412
2,4,14,NIC526,0,440,20210308,Marijke,,1.2539582013932868
2,4,14,NIC526,0,323,20210308,Marijke,,0.9205193160227991
2,4,14,NIC526,100,296,20210308,Marijke,,0.8435718809373021
2,4,14,NIC526,100,285,20210308,Marijke,,0.8122229259024698
2,4,14,NIC526,100,297,20210308,Marijke,,0.8464217859404686
2,4,14,NIC526,200,267,20210308,Marijke,,0.7609246358454718
2,4,14,NIC526,200,233,20210308,Marijke,,0.6640278657378087
2,4,14,NIC526,200,158,20210308,Marijke,,0.4502849905003166
2,4,14,NIC526,300,179,20210308,Marijke,,0.5101329955668144
2,4,14,NIC526,300,351,20210308,Marijke,,1.000316656111463
2,4,14,NIC526,300,106,20210308,Marijke,,0.30208993033565545
2,4,14,NIC526,400,95,20210308,Marijke,,0.2707409753008233
2,4,14,NIC526,400,2,20210308,Marijke,,0.005699810006333122
2,4,14,NIC526,400,21,20210308,Marijke,,0.05984800506649778
2,4,15,QX1794,0,369,20210308,Marijke,,0.8877305533279871
2,4,15,QX1794,0,184,20210308,Marijke,,0.44266238973536487
2,4,15,QX1794,0,143,20210308,Marijke,,0.3440256615878107
2,4,15,QX1794,100,199,20210308,Marijke,,0.4787489975942261
2,4,15,QX1794,100,47,20210308,Marijke,,0.11307137129109864
2,4,15,QX1794,100,158,20210308,Marijke,,0.380112269446672
2,4,15,QX1794,200,2,20210308,Marijke,,0.0048115477145148355
2,4,15,QX1794,200,100,20210308,Marijke,,0.24057738572574178
2,4,15,QX1794,200,169,20210308,Marijke,,0.4065757818765036
2,4,15,QX1794,300,51,20210308,Marijke,,0.1226944667201283
2,4,15,QX1794,300,46,20210308,Marijke,,0.11066559743384122
2,4,15,QX1794,300,55,20210308,Marijke,,0.13231756214915796
2,4,15,QX1794,400,3,20210308,Marijke,,0.007217321571772253
2,4,15,QX1794,400,35,20210308,Marijke,,0.08420208500400962
2,4,15,QX1794,400,49,20210308,Marijke,,0.11788291900561347
2,4,16,XZ1516,0,120,20210308,Marijke,,0.3769633507853403
2,4,16,XZ1516,0,212,20210308,Marijke,,0.6659685863874346
2,4,16,XZ1516,0,133,20210308,Marijke,,0.4178010471204189
2,4,16,XZ1516,100,112,20210308,Marijke,,0.3518324607329843
2,4,16,XZ1516,100,2,20210308,Marijke,,0.0062827225130890054
2,4,16,XZ1516,100,178,20210308,Marijke,,0.5591623036649215
2,4,16,XZ1516,200,24,20210308,Marijke,,0.07539267015706806
2,4,16,XZ1516,200,38,20210308,Marijke,,0.1193717277486911
2,4,16,XZ1516,200,49,20210308,Marijke,,0.15392670157068064
2,4,16,XZ1516,300,28,20210308,Marijke,,0.08795811518324607
2,4,16,XZ1516,300,14,20210308,Marijke,,0.04397905759162304
2,4,16,XZ1516,300,5,20210308,Marijke,,0.015706806282722512
2,4,16,XZ1516,400,2,20210323,Samirah,,0.0062827225130890054
2,4,16,XZ1516,400,1,20210323,Samirah,,0.0031413612565445027
2,4,16,XZ1516,400,2,20210323,Samirah,,0.0062827225130890054
2,5,1,CB4856,0,124,20210315,Mark,one not counted (fished male),0.29284132841328414
2,5,1,CB4856,0,179,20210315,Mark,one not counted (fished male),0.4227306273062731
2,5,1,CB4856,100,389,20210315,Mark,,0.9186715867158671
2,5,1,CB4856,100,421,20210315,Mark,,0.9942435424354243
2,5,1,CB4856,100,18,20210315,Mark,,0.04250922509225092
2,5,1,CB4856,200,230,20210315,Marijke,,0.5431734317343173
2,5,1,CB4856,200,243,20210315,Marijke,,0.5738745387453874
2,5,1,CB4856,200,110,20210315,Marijke,,0.25977859778597784
2,5,1,CB4856,300,162,20210315,Marijke,,0.3825830258302583
2,5,1,CB4856,300,135,20210315,Marijke,,0.31881918819188193
2,5,1,CB4856,300,146,20210315,Marijke,,0.3447970479704797
2,5,1,CB4856,400,62,20210315,Marijke,,0.14642066420664207
2,5,1,CB4856,400,68,20210315,Marijke,,0.16059040590405904
2,5,2,DL238,0,272,20210315,Marijke,,0.7679999999999999
2,5,2,DL238,0,114,20210315,Marijke,,0.32188235294117645
2,5,2,DL238,0,110,20210315,Marijke,,0.3105882352941176
2,5,2,DL238,100,235,20210315,Marijke,,0.6635294117647058
2,5,2,DL238,100,98,20210315,Marijke,,0.27670588235294113
2,5,2,DL238,100,138,20210315,Marijke,,0.3896470588235294
2,5,2,DL238,200,150,20210315,Marijke,,0.4235294117647059
2,5,2,DL238,200,117,20210315,Marijke,,0.33035294117647057
2,5,2,DL238,300,133,20210315,Marijke,,0.3755294117647059
2,5,2,DL238,300,143,20210315,Marijke,,0.4037647058823529
2,5,2,DL238,400,16,20210315,Marijke,,0.04517647058823529
2,5,2,DL238,400,122,20210315,Marijke,,0.3444705882352941
2,5,2,DL238,400,48,20210315,Marijke,,0.13552941176470587
2,5,3,ECA36,0,126,20210315,Marijke,,0.7582748244734203
2,5,3,ECA36,0,92,20210315,Marijke,,0.5536609829488466
2,5,3,ECA36,0,70,20210315,Marijke,,0.4212637913741224
2,5,3,ECA36,100,92,20210315,Marijke,,0.5536609829488466
2,5,3,ECA36,100,2,20210315,Marijke,,0.012036108324974926
2,5,3,ECA36,100,29,20210315,Marijke,,0.17452357071213642
2,5,3,ECA36,200,113,20210315,Mark,last one: suicide,0.6800401203610833
2,5,3,ECA36,200,2,20210315,Mark,last one: suicide,0.012036108324974926
2,5,3,ECA36,200,1,20210315,Mark,last one: suicide,0.006018054162487463
2,5,3,ECA36,300,34,20210315,Marijke,,0.20461384152457374
2,5,3,ECA36,300,1,20210315,Marijke,,0.006018054162487463
2,5,3,ECA36,300,28,20210315,Marijke,,0.16850551654964896
2,5,3,ECA36,400,16,20210315,Mark,,0.0962888665997994
2,5,3,ECA36,400,2,20210315,Mark,,0.012036108324974926
2,5,3,ECA36,400,2,20210315,Mark,,0.012036108324974926
2,5,4,ECA396,0,194,20210315,Marijke,,0.6645099904852522
2,5,4,ECA396,0,94,20210315,Marijke,,0.3219790675547098
2,5,4,ECA396,0,231,20210315,Marijke,,0.7912464319695528
2,5,4,ECA396,100,299,20210315,Marijke,,1.0241674595623216
2,5,4,ECA396,100,254,20210315,Marijke,,0.8700285442435776
2,5,4,ECA396,100,245,20210315,Marijke,,0.8392007611798287
2,5,4,ECA396,200,213,20210315,Marijke,,0.7295908658420551
2,5,4,ECA396,200,227,20210315,Marijke,,0.7775451950523311
2,5,4,ECA396,200,153,20210315,Marijke,,0.5240723120837297
2,5,4,ECA396,300,125,20210315,Marijke,,0.42816365366317793
2,5,4,ECA396,300,143,20210315,Marijke,,0.48981921979067555
2,5,4,ECA396,300,153,20210315,Marijke,,0.5240723120837297
2,5,4,ECA396,400,61,20210315,Marijke,,0.20894386298763082
2,5,4,ECA396,400,125,20210315,Marijke,,0.42816365366317793
2,5,4,ECA396,400,120,20210315,Marijke,,0.4110371075166508
2,5,5,EG4725,0,260,20210315,Marijke,,0.5562819446095328
2,5,5,EG4725,0,311,20210315,Marijke,,0.6653987875906335
2,5,5,EG4725,0,216,20210315,Marijke,,0.46214192321407344
2,5,5,EG4725,100,341,20210315,Marijke,,0.7295851658148104
2,5,5,EG4725,100,301,20210315,Marijke,,0.6440033281825746
2,5,5,EG4725,100,325,20210315,Marijke,,0.695352430761916
2,5,5,EG4725,200,274,20210315,Marijke,,0.5862355877808154
2,5,5,EG4725,200,272,20210315,Marijke,,0.5819564958992036
2,5,5,EG4725,200,308,20210315,Marijke,,0.6589801497682158
2,5,5,EG4725,300,284,20210315,Marijke,,0.6076310471888743
2,5,5,EG4725,300,340,20210315,Marijke,,0.7274456198740045
2,5,5,EG4725,300,17,20210315,Marijke,,0.036372280993700226
2,5,5,EG4725,400,41,20210315,Marijke,,0.08772138357304171
2,5,5,EG4725,400,145,20210315,Marijke,,0.31023416141685484
2,5,5,EG4725,400,107,20210315,Marijke,,0.22893141566623082
2,5,6,JU1400,0,92,20210315,Marijke,,0.3540864840389405
2,5,6,JU1400,0,113,20210315,Marijke,,0.4349105727869595
2,5,6,JU1400,0,146,20210315,Marijke,,0.5619198551052751
2,5,6,JU1400,100,276,20210315,Marijke,,1.0622594521168214
2,5,6,JU1400,100,305,20210315,Marijke,,1.1738736699117047
2,5,6,JU1400,200,160,20210315,Marijke,,0.6158025809372878
2,5,6,JU1400,200,161,20210315,Marijke,,0.6196513470681458
2,5,6,JU1400,200,208,20210315,Marijke,,0.8005433552184741
2,5,6,JU1400,300,92,20210315,Marijke,,0.3540864840389405
2,5,6,JU1400,300,55,20210315,Marijke,,0.21168213719719267
2,5,6,JU1400,300,160,20210315,Marijke,,0.6158025809372878
2,5,6,JU1400,400,1,20210315,Marijke,,0.0038487661308580488
2,5,6,JU1400,400,1,20210315,Marijke,,0.0038487661308580488
2,5,6,JU1400,400,60,20210315,Marijke,,0.23092596785148292
2,5,7,JU2526,0,336,20210315,Marijke,,0.953041285849354
2,5,7,JU2526,0,379,20210315,Marijke,,1.0750078789788844
2,5,7,JU2526,0,84,20210315,Marijke,,0.2382603214623385
2,5,7,JU2526,100,353,20210315,Marijke,,1.0012606366214938
2,5,7,JU2526,100,330,20210315,Marijke,,0.9360226914591869
2,5,7,JU2526,100,296,20210315,Marijke,,0.839583989914907
2,5,7,JU2526,200,259,20210315,Marijke,,0.7346359911755437
2,5,7,JU2526,200,240,20210315,Marijke,,0.6807437756066814
2,5,7,JU2526,200,119,20210315,Marijke,,0.33753545540497953
2,5,7,JU2526,300,224,20210315,Marijke,,0.6353608572329026
2,5,7,JU2526,300,66,20210315,Marijke,,0.1872045382918374
2,5,7,JU2526,300,100,20210315,Marijke,,0.2836432398361172
2,5,7,JU2526,400,7,20210315,Marijke,,0.019855026788528206
2,5,7,JU2526,400,82,20210315,Marijke,,0.23258745666561614
2,5,7,JU2526,400,187,20210315,Marijke,,0.5304128584935393
2,5,8,JU2600,0,162,20210315,Marijke,,0.35014409221902015
2,5,8,JU2600,0,375,20210315,Marijke,,0.8105187319884726
2,5,8,JU2600,0,350,20210315,Marijke,,0.7564841498559077
2,5,8,JU2600,100,370,20210315,Marijke,,0.7997118155619596
2,5,8,JU2600,100,341,20210315,Marijke,,0.7370317002881844
2,5,8,JU2600,100,290,20210315,Marijke,,0.6268011527377522
2,5,8,JU2600,200,282,20210315,Marijke,,0.6095100864553313
2,5,8,JU2600,200,201,20210315,Marijke,,0.4344380403458213
2,5,8,JU2600,200,183,20210315,Marijke,,0.39553314121037464
2,5,8,JU2600,300,97,20210315,Marijke,,0.20965417867435157
2,5,8,JU2600,300,167,20210315,Marijke,,0.36095100864553314
2,5,8,JU2600,300,155,20210315,Marijke,,0.335014409221902
2,5,8,JU2600,400,58,20210315,Marijke,,0.12536023054755044
2,5,8,JU2600,400,69,20210315,Marijke,,0.14913544668587897
2,5,8,JU2600,400,59,20210315,Marijke,,0.12752161383285301
2,5,9,JU310,0,190,20210315,Marijke,,0.4287800345148015
2,5,9,JU310,0,297,20210315,Marijke,,0.6702508960573477
2,5,9,JU310,0,254,20210315,Marijke,,0.5732112040355768
2,5,9,JU310,100,218,20210315,Marijke,,0.4919686711801407
2,5,9,JU310,100,337,20210315,Marijke,,0.7605203770078321
2,5,9,JU310,100,391,20210315,Marijke,,0.8823841762909863
2,5,9,JU310,200,269,20210315,Marijke,,0.6070622593920085
2,5,9,JU310,200,258,20210315,Marijke,,0.5822381521306252
2,5,9,JU310,200,251,20210315,Marijke,,0.5664409929642904
2,5,9,JU310,300,75,20210315,Marijke,,0.1692552767821585
2,5,9,JU310,300,264,20210315,Marijke,,0.5957785742731979
2,5,9,JU310,300,219,20210315,Marijke,,0.4942254082039028
2,5,9,JU310,400,107,20210315,Marijke,,0.24147086154254613
2,5,9,JU310,400,135,20210315,Marijke,,0.3046594982078853
2,5,9,JU310,400,89,20210315,Marijke,,0.20084959511482808
2,5,10,MY2147,0,154,20210315,Marijke,,0.3317773788150808
2,5,10,MY2147,0,216,20210315,Marijke,,0.4653500897666068
2,5,10,MY2147,0,254,20210315,Marijke,,0.5472172351885098
2,5,10,MY2147,100,429,20210315,Mark,,0.9242369838420107
2,5,10,MY2147,100,274,20210315,Mark,,0.5903052064631956
2,5,10,MY2147,100,156,20210315,Mark,,0.33608617594254936
2,5,10,MY2147,200,395,20210315,Marijke,,0.8509874326750448
2,5,10,MY2147,200,365,20210315,Marijke,,0.7863554757630161
2,5,10,MY2147,200,205,20210315,Marijke,,0.44165170556552963
2,5,10,MY2147,300,215,20210315,Mark,,0.4631956912028725
2,5,10,MY2147,300,231,20210315,Mark,,0.49766606822262116
2,5,10,MY2147,300,233,20210315,Mark,,0.5019748653500897
2,5,10,MY2147,400,51,20210315,Mark,,0.10987432675044882
2,5,10,MY2147,400,1,20210315,Mark,,0.0021543985637342907
2,5,10,MY2147,400,60,20210315,Mark,,0.12926391382405744
2,5,11,MY2693,0,188,20210315,Mark,,0.42091399973659954
2,5,11,MY2693,0,290,20210315,Mark,,0.6492822336362439
2,5,11,MY2693,0,110,20210315,Mark,,0.2462794679309891
2,5,11,MY2693,100,352,20210323,Marijke,,0.788094297379165
2,5,11,MY2693,100,404,20210323,Marijke,,0.9045173185829053
2,5,11,MY2693,100,207,20210323,Marijke,,0.46345318056104307
2,5,11,MY2693,200,244,20210315,Marijke,,0.5462926379560121
2,5,11,MY2693,200,270,20210315,Marijke,,0.6045041485578823
2,5,11,MY2693,200,286,20210315,Marijke,,0.6403266166205716
2,5,11,MY2693,300,182,20210315,Marijke,,0.40748057421309103
2,5,11,MY2693,300,58,20210315,Marijke,,0.12985644672724878
2,5,11,MY2693,300,1,20210315,Marijke,,0.0022389042539180826
2,5,11,MY2693,400,106,20210315,Marijke,,0.23732385091531674
2,5,11,MY2693,400,80,20210315,Marijke,,0.1791123403134466
2,5,12,N2,0,314,20210315,Marijke,,0.7752023042106707
2,5,12,N2,0,377,20210315,Marijke,,0.9307365244822384
2,5,12,N2,0,412,20210315,Marijke,,1.0171444246331094
2,5,12,N2,100,260,20210315,Marijke,,0.6418872582636127
2,5,12,N2,100,200,20210315,Marijke,,0.4937594294335482
2,5,12,N2,100,357,20210315,Marijke,,0.8813605815388836
2,5,12,N2,200,263,20210315,Marijke,,0.6492936497051159
2,5,12,N2,200,193,20210315,Marijke,,0.47647784940337407
2,5,12,N2,200,207,20210315,Marijke,,0.5110410094637224
2,5,12,N2,300,228,20210315,Marijke,,0.562885749554245
2,5,12,N2,300,112,20210315,Marijke,,0.276505280482787
2,5,12,N2,300,289,20210315,Marijke,,0.7134823755314772
2,5,12,N2,400,192,20210315,Mark,,0.4740090522562063
2,5,12,N2,400,89,20210315,Mark,,0.21972294609792897
2,5,12,N2,400,107,20210315,Mark,,0.2641612947469483
2,5,13,NIC2,0,329,20210315,Marijke,,0.6706586826347305
2,5,13,NIC2,0,335,20210315,Marijke,,0.6828895400687985
2,5,13,NIC2,0,285,20210315,Marijke,,0.5809657281182317
2,5,13,NIC2,100,552,20210315,Mark,also cannot find parents,1.125238883934259
2,5,13,NIC2,100,0,20210315,Mark,also cannot find parents,0
2,5,13,NIC2,100,60,20210315,Mark,also cannot find parents,0.12230857434068035
2,5,13,NIC2,200,346,20210315,Mark,,0.7053127786979233
2,5,13,NIC2,200,340,20210315,Mark,,0.6930819212638553
2,5,13,NIC2,200,211,20210315,Mark,,0.43011848643139255
2,5,13,NIC2,300,285,20210315,Marijke,,0.5809657281182317
2,5,13,NIC2,300,220,20210315,Marijke,,0.44846477258249456
2,5,13,NIC2,300,174,20210315,Marijke,,0.354694865587973
2,5,13,NIC2,400,137,20210315,Marijke,,0.27927124474455345
2,5,13,NIC2,400,164,20210315,Marijke,,0.3343101031978596
2,5,13,NIC2,400,235,20210315,Marijke,,0.47904191616766467
2,5,14,NIC526,0,201,20210315,Marijke,,0.5728309056364788
2,5,14,NIC526,0,158,20210315,Marijke,,0.4502849905003166
2,5,14,NIC526,0,369,20210315,Marijke,,1.051614946168461
2,5,14,NIC526,100,225,20210315,Marijke,,0.6412286257124762
2,5,14,NIC526,100,329,20210315,Marijke,,0.9376187460417985
2,5,14,NIC526,100,240,20210315,Marijke,,0.6839772007599746
2,5,14,NIC526,200,107,20210315,Marijke,,0.304939835338822
2,5,14,NIC526,200,197,20210315,Marijke,,0.5614312856238125
2,5,14,NIC526,200,118,20210315,Marijke,,0.33628879037365417
2,5,14,NIC526,300,156,20210315,Mark,,0.4445851804939835
2,5,14,NIC526,300,142,20210315,Mark,,0.40468651044965165
2,5,14,NIC526,300,184,20210315,Mark,,0.5243825205826472
2,5,14,NIC526,400,36,20210315,Marijke,,0.1025965801139962
2,5,14,NIC526,400,56,20210315,Marijke,,0.15959468017732742
2,5,14,NIC526,400,56,20210315,Marijke,,0.15959468017732742
2,5,15,QX1794,0,486,20210315,Mark,,1.169206094627105
2,5,15,QX1794,0,289,20210315,Mark,,0.6952686447473937
2,5,15,QX1794,0,233,20210315,Mark,,0.5605453087409783
2,5,15,QX1794,100,312,20210315,Mark,,0.7506014434643143
2,5,15,QX1794,100,246,20210315,Mark,,0.5918203688853247
2,5,15,QX1794,100,373,20210315,Mark,,0.8973536487570168
2,5,15,QX1794,200,238,20210315,Marijke,,0.5725741780272654
2,5,15,QX1794,200,88,20210315,Marijke,,0.21170809943865276
2,5,15,QX1794,200,137,20210315,Marijke,,0.32959101844426625
2,5,15,QX1794,300,32,20210315,Marijke,,0.07698476343223737
2,5,15,QX1794,300,191,20210315,Marijke,,0.4595028067361668
2,5,15,QX1794,300,212,20210315,Marijke,,0.5100240577385725
2,5,15,QX1794,400,4,20210315,Marijke,,0.009623095429029671
2,5,15,QX1794,400,95,20210315,Marijke,,0.22854851643945467
2,5,15,QX1794,400,151,20210315,Marijke,,0.36327185244587007
2,5,16,XZ1516,0,250,20210315,Marijke,,0.7853403141361257
2,5,16,XZ1516,0,254,20210315,Marijke,,0.7979057591623037
2,5,16,XZ1516,0,133,20210315,Marijke,,0.4178010471204189
2,5,16,XZ1516,100,71,20210315,Marijke,,0.2230366492146597
2,5,16,XZ1516,100,120,20210315,Marijke,,0.3769633507853403
2,5,16,XZ1516,100,121,20210315,Marijke,,0.38010471204188484
2,5,16,XZ1516,200,3,20210315,Marijke,,0.009424083769633508
2,5,16,XZ1516,200,4,20210315,Marijke,,0.012565445026178011
2,5,16,XZ1516,200,76,20210315,Marijke,,0.2387434554973822
2,5,16,XZ1516,300,18,20210315,Marijke,,0.05654450261780105
2,5,16,XZ1516,300,23,20210315,Marijke,,0.07225130890052356
2,5,16,XZ1516,300,41,20210315,Marijke,,0.12879581151832462
2,5,16,XZ1516,400,2,20210308,Marijke,,0.0062827225130890054
2,5,16,XZ1516,400,2,20210308,Marijke,,0.0062827225130890054
2,5,16,XZ1516,400,5,20210308,Marijke,,0.015706806282722512
2,6,1,CB4856,0,360,20210323,Marijke,,0.8501845018450185
2,6,1,CB4856,0,332,20210323,Marijke,,0.7840590405904059
2,6,1,CB4856,100,182,20210323,Marijke,,0.42981549815498155
2,6,1,CB4856,100,280,20210323,Marijke,,0.6612546125461255
2,6,1,CB4856,100,228,20210323,Marijke,,0.538450184501845
2,6,1,CB4856,200,298,20210323,Marijke,,0.7037638376383764
2,6,1,CB4856,200,232,20210323,Marijke,,0.5478966789667896
2,6,1,CB4856,200,156,20210323,Marijke,,0.3684132841328413
2,6,1,CB4856,300,94,20210323,Marijke,,0.22199261992619926
2,6,1,CB4856,400,73,20210323,Marijke,,0.17239852398523986
2,6,1,CB4856,400,74,20210323,Marijke,,0.174760147601476
2,6,2,DL238,0,359,20210323,Marijke,,1.0136470588235293
2,6,2,DL238,0,304,20210323,Marijke,,0.8583529411764705
2,6,2,DL238,0,365,20210323,Marijke,,1.0305882352941176
2,6,2,DL238,100,355,20210323,Marijke,,1.0023529411764704
2,6,2,DL238,100,139,20210323,Marijke,,0.39247058823529407
2,6,2,DL238,100,303,20210323,Marijke,,0.8555294117647059
2,6,2,DL238,200,165,20210323,Marijke,,0.46588235294117647
2,6,2,DL238,200,267,20210323,Marijke,,0.7538823529411764
2,6,2,DL238,200,290,20210323,Marijke,,0.8188235294117646
2,6,2,DL238,300,261,20210323,Marijke,,0.7369411764705882
2,6,2,DL238,300,271,20210323,Marijke,,0.7651764705882352
2,6,2,DL238,300,102,20210323,Marijke,,0.288
2,6,2,DL238,400,70,20210323,Marijke,,0.1976470588235294
2,6,2,DL238,400,6,20210323,Marijke,,0.016941176470588234
2,6,2,DL238,400,69,20210323,Marijke,,0.1948235294117647
2,6,3,ECA36,0,229,20210323,Marijke,,1.378134403209629
2,6,3,ECA36,0,195,20210323,Marijke,,1.1735205616850553
2,6,3,ECA36,0,158,20210323,Marijke,,0.9508525576730191
2,6,3,ECA36,100,2,20210323,Marijke,,0.012036108324974926
2,6,3,ECA36,100,26,20210323,Marijke,,0.15646940822467403
2,6,3,ECA36,100,2,20210323,Marijke,,0.012036108324974926
2,6,3,ECA36,200,19,20210323,Marijke,,0.1143430290872618
2,6,3,ECA36,200,4,20210323,Marijke,,0.02407221664994985
2,6,3,ECA36,200,1,20210323,Marijke,,0.006018054162487463
2,6,3,ECA36,300,56,20210323,Marijke,,0.3370110330992979
2,6,3,ECA36,300,2,20210323,Marijke,,0.012036108324974926
2,6,3,ECA36,300,1,20210323,Marijke,,0.006018054162487463
2,6,3,ECA36,400,39,20210323,Marijke,,0.23470411233701105
2,6,3,ECA36,400,20,20210323,Marijke,,0.12036108324974926
2,6,3,ECA36,400,2,20210323,Marijke,,0.012036108324974926
2,6,4,ECA396,0,324,20210323,Samirah,,1.1098001902949572
2,6,4,ECA396,0,196,20210323,Samirah,,0.671360608943863
2,6,4,ECA396,0,364,20210323,Samirah,,1.2468125594671742
2,6,4,ECA396,100,283,20210323,Samirah,,0.9693625118934348
2,6,4,ECA396,100,175,20210323,Samirah,,0.5994291151284491
2,6,4,ECA396,100,297,20210323,Samirah,,1.0173168411037108
2,6,4,ECA396,200,122,20210323,Samirah,,0.41788772597526164
2,6,4,ECA396,200,132,20210323,Samirah,,0.45214081826831587
2,6,4,ECA396,200,105,20210323,Samirah,,0.35965746907706947
2,6,4,ECA396,300,215,20210323,Samirah,,0.736441484300666
2,6,4,ECA396,300,90,20210323,Samirah,,0.3082778306374881
2,6,4,ECA396,300,170,20210323,Samirah,,0.582302568981922
2,6,4,ECA396,400,25,20210323,Marijke,,0.08563273073263558
2,6,4,ECA396,400,66,20210323,Marijke,,0.22607040913415793
2,6,4,ECA396,400,57,20210323,Marijke,,0.19524262607040913
2,6,5,EG4725,0,377,20210323,Marijke,,0.8066088196838226
2,6,5,EG4725,0,383,20210323,Marijke,,0.819446095328658
2,6,5,EG4725,0,343,20210323,Marijke,,0.7338642576964222
2,6,5,EG4725,100,467,20210323,Samirah,,0.9991679543563532
2,6,5,EG4725,100,227,20210323,Samirah,,0.48567692856293826
2,6,5,EG4725,100,355,20210323,Samirah,,0.7595388089860929
2,6,5,EG4725,200,375,20210323,Marijke,,0.8023297278022108
2,6,5,EG4725,200,264,20210323,Marijke,,0.5648401283727564
2,6,5,EG4725,200,194,20210323,Marijke,,0.41507191251634373
2,6,5,EG4725,300,206,20210323,Marijke,,0.44074646380601445
2,6,5,EG4725,300,91,20210323,Marijke,,0.1946986806133365
2,6,5,EG4725,300,174,20210323,Marijke,,0.3722809937002258
2,6,5,EG4725,400,175,20210323,Marijke,,0.3744205396410317
2,6,5,EG4725,400,3,20210323,Marijke,,0.0064186378224176865
2,6,5,EG4725,400,148,20210323,Marijke,,0.31665279923927253
2,6,6,JU1400,0,2,20210323,Samirah,,0.0076975322617160976
2,6,6,JU1400,0,82,20210323,Samirah,,0.31559882273036
2,6,6,JU1400,0,242,20210323,Samirah,,0.9314014036676478
2,6,6,JU1400,100,23,20210323,Marijke,,0.08852162100973512
2,6,6,JU1400,100,108,20210323,Marijke,,0.41566674213266924
2,6,6,JU1400,200,104,20210323,Samirah,,0.40027167760923704
2,6,6,JU1400,200,105,20210323,Samirah,,0.4041204437400951
2,6,6,JU1400,200,112,20210323,Samirah,,0.43106180665610144
2,6,6,JU1400,300,155,20210323,Marijke,,0.5965587502829975
2,6,6,JU1400,300,25,20210323,Marijke,,0.09621915327145121
2,6,6,JU1400,300,57,20210323,Marijke,,0.21937966945890877
2,6,6,JU1400,400,82,20210323,Samirah,,0.31559882273036
2,6,6,JU1400,400,29,20210323,Samirah,,0.11161421779488341
2,6,6,JU1400,400,16,20210323,Samirah,,0.06158025809372878
2,6,7,JU2526,0,228,20210323,Marijke,,0.6467065868263473
2,6,7,JU2526,0,268,20210323,Marijke,,0.7601638827607943
2,6,7,JU2526,0,329,20210323,Marijke,,0.9331862590608258
2,6,7,JU2526,100,305,20210323,Marijke,,0.8651118815001576
2,6,7,JU2526,100,141,20210323,Marijke,,0.3999369681689253
2,6,7,JU2526,100,286,20210323,Marijke,,0.8112196659312954
2,6,7,JU2526,200,147,20210323,Marijke,,0.41695556255909233
2,6,7,JU2526,200,149,20210323,Marijke,,0.4226284273558147
2,6,7,JU2526,200,94,20210323,Marijke,,0.2666246454459502
2,6,7,JU2526,300,150,20210323,Marijke,,0.42546485975417586
2,6,7,JU2526,300,98,20210323,Marijke,,0.2779703750393949
2,6,7,JU2526,300,307,20210323,Marijke,,0.87078474629688
2,6,7,JU2526,400,65,20210323,Marijke,,0.18436810589347621
2,6,7,JU2526,400,56,20210323,Marijke,,0.15884021430822565
2,6,7,JU2526,400,121,20210323,Marijke,,0.3432083202017019
2,6,8,JU2600,0,190,20210323,Marijke,,0.4106628242074928
2,6,8,JU2600,0,473,20210323,Marijke,,1.0223342939481268
2,6,8,JU2600,0,444,20210323,Marijke,,0.9596541786743515
2,6,8,JU2600,100,237,20210323,Marijke,,0.5122478386167146
2,6,8,JU2600,100,335,20210323,Marijke,,0.7240634005763689
2,6,8,JU2600,100,378,20210323,Marijke,,0.8170028818443804
2,6,8,JU2600,200,271,20210323,Samirah,,0.5857348703170029
2,6,8,JU2600,200,272,20210323,Samirah,,0.5878962536023055
2,6,8,JU2600,200,194,20210323,Samirah,,0.41930835734870314
2,6,8,JU2600,300,244,20210323,Marijke,,0.5273775216138328
2,6,8,JU2600,300,141,20210323,Marijke,,0.30475504322766567
2,6,8,JU2600,300,166,20210323,Marijke,,0.3587896253602305
2,6,8,JU2600,400,1,20210323,Samirah,,0.0021613832853025934
2,6,8,JU2600,400,2,20210323,Samirah,,0.004322766570605187
2,6,8,JU2600,400,2,20210323,Samirah,,0.004322766570605187
2,6,9,JU310,0,565,20210323,Samirah,,1.2750564184255941
2,6,9,JU310,0,505,20210323,Samirah,,1.1396521969998672
2,6,9,JU310,0,578,20210323,Samirah,,1.3043939997345015
2,6,9,JU310,100,482,20210323,Samirah,,1.0877472454533386
2,6,9,JU310,100,403,20210323,Samirah,,0.9094650205761317
2,6,9,JU310,100,357,20210323,Samirah,,0.8056551174830745
2,6,9,JU310,200,183,20210323,Samirah,,0.4129828753484667
2,6,9,JU310,200,359,20210323,Samirah,,0.8101685915305987
2,6,9,JU310,200,230,20210323,Samirah,,0.5190495154652861
2,6,9,JU310,300,346,20210323,Samirah,,0.7808310102216912
2,6,9,JU310,300,325,20210323,Samirah,,0.7334395327226868
2,6,9,JU310,300,341,20210323,Samirah,,0.7695473251028806
2,6,9,JU310,400,9,20210323,Samirah,,0.02031063321385902
2,6,9,JU310,400,81,20210323,Samirah,,0.1827956989247312
2,6,10,MY2147,0,488,20210323,Samirah,,1.0513464991023338
2,6,10,MY2147,0,351,20210323,Samirah,,0.756193895870736
2,6,10,MY2147,0,775,20210323,Samirah,,1.6696588868940754
2,6,10,MY2147,100,484,20210323,Samirah,,1.0427289048473967
2,6,10,MY2147,100,459,20210323,Samirah,,0.9888689407540394
2,6,10,MY2147,100,431,20210323,Samirah,,0.9285457809694793
2,6,10,MY2147,200,303,20210323,Samirah,,0.6527827648114901
2,6,10,MY2147,200,354,20210323,Samirah,,0.762657091561939
2,6,10,MY2147,200,309,20210323,Samirah,,0.6657091561938958
2,6,10,MY2147,300,311,20210323,Samirah,,0.6700179533213644
2,6,10,MY2147,300,291,20210323,Samirah,,0.6269299820466786
2,6,10,MY2147,300,94,20210323,Samirah,,0.20251346499102332
2,6,10,MY2147,400,228,20210323,Samirah,,0.4912028725314183
2,6,10,MY2147,400,200,20210323,Samirah,,0.43087971274685816
2,6,10,MY2147,400,116,20210323,Samirah,,0.24991023339317772
2,6,11,MY2693,0,365,20210323,Marijke,,0.8172000526801001
2,6,11,MY2693,0,431,20210323,Marijke,,0.9649677334386936
2,6,11,MY2693,0,413,20210323,Marijke,,0.9246674568681681
2,6,11,MY2693,100,216,20210308,Marijke,,0.4836033188463058
2,6,11,MY2693,100,144,20210308,Marijke,,0.32240221256420387
2,6,11,MY2693,100,331,20210308,Marijke,,0.7410773080468853
2,6,11,MY2693,200,163,20210323,Marijke,,0.36494139338864745
2,6,11,MY2693,200,77,20210323,Marijke,,0.17239562755169235
2,6,11,MY2693,200,245,20210323,Marijke,,0.5485315422099303
2,6,11,MY2693,300,145,20210323,Marijke,,0.32464111681812197
2,6,11,MY2693,300,30,20210323,Marijke,,0.06716712761754248
2,6,11,MY2693,300,201,20210323,Marijke,,0.4500197550375346
2,6,11,MY2693,400,4,20210323,Marijke,,0.00895561701567233
2,6,11,MY2693,400,2,20210323,Marijke,,0.004477808507836165
2,6,11,MY2693,400,53,20210323,Marijke,,0.11866192545765837
2,6,12,N2,0,450,20210323,Marijke,,1.1109587162254835
2,6,12,N2,0,415,20210323,Marijke,,1.0245508160746126
2,6,12,N2,0,187,20210323,Marijke,,0.4616650665203676
2,6,12,N2,100,355,20210323,Marijke,,0.8764229872445481
2,6,12,N2,100,402,20210323,Marijke,,0.9924564531614319
2,6,12,N2,100,215,20210323,Marijke,,0.5307913866410643
2,6,12,N2,200,292,20210323,Marijke,,0.7208887669729804
2,6,12,N2,200,184,20210323,Marijke,,0.45425867507886436
2,6,12,N2,200,290,20210323,Marijke,,0.7159511726786449
2,6,12,N2,300,88,20210323,Marijke,,0.21725414895076123
2,6,12,N2,300,149,20210323,Marijke,,0.36785077492799345
2,6,12,N2,300,190,20210323,Marijke,,0.46907145796187083
2,6,12,N2,400,52,20210323,Samirah,,0.12837745165272255
2,6,12,N2,400,128,20210323,Samirah,,0.31600603483747086
2,6,12,N2,400,62,20210323,Samirah,,0.15306542312439994
2,6,13,NIC2,0,364,20210323,Marijke,,0.7420053510001274
2,6,13,NIC2,0,402,20210323,Marijke,,0.8194674480825583
2,6,13,NIC2,0,425,20210323,Marijke,,0.8663524015798191
2,6,13,NIC2,100,402,20210323,Marijke,,0.8194674480825583
2,6,13,NIC2,100,396,20210323,Marijke,,0.8072365906484903
2,6,13,NIC2,100,455,20210323,Marijke,,0.9275066887501593
2,6,13,NIC2,200,308,20210323,Marijke,,0.6278506816154924
2,6,13,NIC2,200,250,20210323,Marijke,,0.5096190597528347
2,6,13,NIC2,200,206,20210323,Marijke,,0.41992610523633583
2,6,13,NIC2,300,277,20210323,Marijke,,0.5646579182061409
2,6,13,NIC2,300,206,20210323,Marijke,,0.41992610523633583
2,6,13,NIC2,300,287,20210323,Marijke,,0.5850426805962543
2,6,13,NIC2,400,27,20210323,Marijke,,0.05503885845330615
2,6,13,NIC2,400,142,20210323,Marijke,,0.2894636259396101
2,6,13,NIC2,400,86,20210323,Marijke,,0.17530895655497516
2,6,14,NIC526,0,316,20210323,Marijke,,0.9005699810006332
2,6,14,NIC526,0,267,20210323,Marijke,,0.7609246358454718
2,6,14,NIC526,0,241,20210323,Marijke,,0.6868271057631412
2,6,14,NIC526,100,347,20210323,Marijke,,0.9889170360987967
2,6,14,NIC526,100,337,20210323,Marijke,,0.960417986067131
2,6,14,NIC526,100,318,20210323,Marijke,,0.9062697910069664
2,6,14,NIC526,200,278,20210323,Marijke,,0.7922735908803039
2,6,14,NIC526,200,307,20210323,Marijke,,0.8749208359721342
2,6,14,NIC526,200,329,20210323,Marijke,,0.9376187460417985
2,6,14,NIC526,300,188,20210323,Marijke,,0.5357821405953135
2,6,14,NIC526,300,167,20210323,Marijke,,0.4759341355288157
2,6,14,NIC526,300,180,20210323,Marijke,,0.512982900569981
2,6,14,NIC526,400,58,20210323,Samirah,,0.16529449018366052
2,6,14,NIC526,400,150,20210323,Samirah,,0.42748575047498416
2,6,14,NIC526,400,70,20210323,Samirah,,0.19949335022165926
2,6,15,QX1794,0,367,20210323,Marijke,,0.8829190056134723
2,6,15,QX1794,0,475,20210323,Marijke,,1.1427425821972734
2,6,15,QX1794,0,477,20210323,Marijke,,1.1475541299117882
2,6,15,QX1794,100,346,20210323,Marijke,,0.8323977546110666
2,6,15,QX1794,100,360,20210323,Marijke,,0.8660785886126704
2,6,15,QX1794,100,364,20210323,Marijke,,0.8757016840417
2,6,15,QX1794,200,218,20210323,Marijke,,0.5244587008821171
2,6,15,QX1794,200,184,20210323,Marijke,,0.44266238973536487
2,6,15,QX1794,200,161,20210323,Marijke,,0.3873295910184443
2,6,15,QX1794,300,104,20210323,Marijke,,0.25020048115477145
2,6,15,QX1794,300,97,20210323,Marijke,,0.2333600641539695
2,6,15,QX1794,300,65,20210323,Marijke,,0.15637530072173214
2,6,15,QX1794,400,138,20210323,Marijke,,0.3319967923015236
2,6,15,QX1794,400,96,20210323,Marijke,,0.2309542902967121
2,6,16,XZ1516,0,239,20210323,Marijke,,0.7507853403141361
2,6,16,XZ1516,0,259,20210323,Marijke,,0.8136125654450262
2,6,16,XZ1516,0,269,20210323,Marijke,,0.8450261780104713
2,6,16,XZ1516,100,72,20210323,Marijke,,0.2261780104712042
2,6,16,XZ1516,100,183,20210323,Marijke,,0.5748691099476441
2,6,16,XZ1516,100,147,20210323,Marijke,,0.4617801047120419
2,6,16,XZ1516,200,128,20210323,Marijke,,0.40209424083769635
2,6,16,XZ1516,200,186,20210323,Marijke,,0.5842931937172775
2,6,16,XZ1516,200,2,20210323,Marijke,,0.0062827225130890054
2,6,16,XZ1516,300,50,20210323,Marijke,,0.15706806282722513
2,6,16,XZ1516,300,130,20210323,Marijke,,0.4083769633507854
2,6,16,XZ1516,300,5,20210323,Marijke,,0.015706806282722512
2,6,16,XZ1516,400,2,20210315,Marijke,,0.0062827225130890054
2,6,16,XZ1516,400,19,20210315,Marijke,,0.05968586387434555
2,6,16,XZ1516,400,1,20210315,Marijke,,0.0031413612565445027
